"","anger","anticipation","disgust","fear","joy","sadness","surprise","trust","negative","positive"
"1",0,1,0,0,0,0,1,7,0,8
"2",0,3,0,0,3,0,1,5,0,5
"3",0,6,0,0,5,0,0,4,0,11
"4",1,3,0,1,1,0,2,3,0,7
"5",0,0,0,1,0,1,0,3,1,6
"6",0,3,0,0,3,0,0,6,0,7
"7",0,3,0,0,3,0,0,6,0,7
"8",0,1,0,0,1,0,0,2,1,7
"9",2,1,1,2,0,1,0,2,2,6
"10",0,2,0,0,2,0,0,3,0,5
"11",0,2,0,0,2,0,0,3,0,5
"12",0,0,0,0,0,0,0,4,0,4
"13",0,3,0,0,2,0,2,6,0,10
"14",0,2,0,0,1,0,0,4,0,6
"15",0,0,0,0,0,0,0,2,0,3
"16",0,1,0,0,2,0,0,4,0,5
"17",0,3,0,0,1,0,0,3,0,5
"18",0,0,0,0,0,0,0,7,0,6
"19",0,5,0,0,3,0,0,5,0,8
"20",0,3,0,0,1,0,0,3,0,5
"21",0,2,0,0,1,0,0,4,1,6
"22",0,3,0,0,3,0,1,3,0,8
"23",0,2,0,1,1,0,0,4,0,5
"24",0,2,0,1,1,0,0,4,0,5
"25",0,4,0,0,2,0,1,6,0,10
"26",0,6,0,0,5,0,0,4,0,11
"27",0,0,0,0,0,0,0,4,1,5
"28",0,0,0,0,0,0,0,4,1,5
"29",0,0,0,0,0,0,0,4,1,5
"30",0,5,0,1,3,0,1,9,0,9
"31",0,1,0,0,1,0,0,4,0,7
"32",0,1,0,0,1,0,0,4,0,7
"33",0,1,0,0,1,0,0,4,0,7
"34",0,2,0,0,0,0,0,2,0,4
"35",1,3,0,1,1,1,1,4,1,5
"36",0,2,0,0,1,0,0,5,0,6
"37",0,2,0,0,1,0,0,3,0,5
"38",0,2,0,0,1,0,1,4,0,3
"39",2,1,1,2,0,1,0,2,2,6
"40",0,1,0,1,0,0,0,4,1,3
"41",0,2,0,0,0,0,0,2,0,2
"42",1,2,0,2,2,0,0,3,1,5
"43",0,5,0,0,2,0,1,3,1,7
"44",0,5,0,0,1,0,2,3,0,7
"45",0,5,0,1,2,0,1,3,1,9
"46",1,3,1,0,2,0,2,2,1,5
"47",1,3,1,1,3,1,0,5,1,9
"48",0,2,0,0,0,0,0,6,1,8
"49",0,3,0,0,0,0,0,2,0,3
"50",0,2,0,1,2,0,1,4,0,4
"51",0,1,0,0,0,0,0,2,0,4
"52",0,2,0,0,0,0,0,4,0,4
"53",0,3,0,0,1,0,0,4,0,7
"54",0,2,0,0,1,0,0,4,0,4
"55",0,4,0,0,3,0,1,3,0,5
"56",0,3,0,0,0,0,0,2,0,4
"57",0,3,0,1,0,0,0,4,0,7
"58",0,1,0,0,0,0,0,2,0,3
"59",0,1,0,0,1,0,0,2,0,4
"60",0,2,0,0,2,0,0,3,0,5
"61",0,2,0,0,2,0,0,3,0,5
"62",0,5,0,2,3,1,2,5,1,8
"63",1,2,0,2,2,0,0,3,1,5
"64",0,3,0,0,0,0,0,1,1,7
"65",0,3,0,0,2,0,0,3,0,5
"66",0,1,0,0,1,0,1,3,0,2
"67",0,1,0,0,1,0,1,3,0,2
"68",0,4,0,0,3,0,1,7,0,7
"69",0,2,0,1,0,0,0,4,0,7
"70",0,0,0,0,0,0,0,2,0,3
"71",0,7,0,0,6,0,1,9,0,12
"72",0,0,0,1,0,1,0,3,1,6
"73",0,5,1,0,2,2,3,6,0,9
"74",0,2,0,0,2,0,0,3,0,5
"75",0,3,0,0,3,0,0,6,0,7
"76",0,3,0,0,3,0,0,6,0,7
"77",0,0,0,0,0,0,0,5,0,5
"78",0,1,0,0,1,0,0,2,1,7
"79",0,1,0,0,1,0,0,2,1,7
"80",1,2,0,2,0,2,0,4,2,2
"81",2,3,0,2,0,3,0,5,3,3
"82",0,2,0,0,2,1,0,3,1,5
"83",0,1,0,0,0,0,0,4,0,6
"84",0,4,0,1,2,0,0,4,0,7
"85",0,1,0,0,2,0,0,4,0,5
"86",1,7,1,1,5,3,2,8,1,10
"87",1,4,1,1,1,1,0,2,1,9
"88",0,2,0,0,2,0,0,3,0,5
"89",0,2,0,0,2,0,0,3,0,5
"90",0,2,0,0,2,0,0,3,0,5
"91",0,2,0,1,1,0,1,3,1,7
"92",0,3,0,0,3,0,1,5,0,5
"93",0,2,0,0,1,0,0,3,0,5
"94",0,0,0,0,0,0,0,2,0,3
"95",0,1,0,1,0,0,0,1,0,6
"96",0,3,0,0,1,0,0,4,0,4
"97",0,1,0,1,0,0,0,1,0,6
"98",0,3,0,1,3,0,1,5,0,7
"99",1,2,0,1,1,0,0,3,1,5
"100",0,0,0,0,0,0,0,4,0,4
"101",0,1,0,0,2,0,0,4,0,5
"102",0,1,0,0,0,0,0,6,1,7
"103",1,3,0,1,1,1,1,4,1,5
"104",0,5,0,1,2,0,1,4,1,5
"105",0,3,0,0,2,0,2,6,0,10
"106",0,5,0,0,1,1,0,5,1,10
"107",0,4,1,0,3,1,2,7,0,9
"108",0,1,0,0,0,0,0,2,0,3
"109",0,1,0,1,0,0,0,2,0,5
"110",0,1,0,1,0,0,0,2,0,5
"111",1,2,0,1,0,0,0,2,1,5
"112",0,1,0,0,2,0,0,4,0,5
"113",0,2,0,0,0,0,0,3,0,5
"114",0,1,0,1,0,0,0,4,1,4
"115",1,1,1,0,0,0,0,4,1,5
"116",0,4,0,0,2,0,1,4,0,10
"117",0,2,0,0,1,0,0,4,0,6
"118",1,4,0,1,2,1,1,6,2,9
"119",1,4,0,1,2,1,1,6,2,9
"120",1,4,0,1,2,1,1,6,2,9
"121",1,4,0,1,2,1,1,6,2,9
"122",1,4,0,1,2,1,1,6,2,9
"123",1,4,0,1,2,1,1,6,2,9
"124",1,4,0,1,2,1,1,6,2,9
"125",1,4,0,1,2,1,1,6,2,9
"126",1,4,0,1,2,1,1,6,2,9
"127",1,4,0,1,2,1,1,6,2,9
"128",1,4,0,1,2,1,1,6,2,9
"129",1,4,0,1,2,1,1,6,2,9
"130",1,4,0,1,2,1,1,6,2,9
"131",1,4,0,1,2,1,1,6,2,9
"132",1,4,0,1,2,1,1,6,2,9
"133",1,4,0,1,2,1,1,6,2,9
"134",0,3,0,1,0,0,1,2,1,3
"135",0,1,0,0,0,0,0,5,1,6
"136",0,1,0,0,0,0,0,5,0,4
"137",0,2,0,0,1,1,0,3,2,6
"138",0,4,1,0,3,1,3,5,0,5
"139",0,3,0,0,2,0,1,6,0,8
"140",0,1,0,0,0,0,0,3,1,5
"141",0,5,0,0,2,0,0,6,1,11
"142",0,2,0,0,3,0,0,6,0,8
"143",0,3,0,0,2,0,1,4,0,8
"144",0,2,0,0,0,0,0,4,0,5
"145",0,2,0,0,0,0,1,3,1,3
"146",0,3,0,0,2,0,0,2,0,5
"147",0,2,0,0,0,0,0,1,0,3
"148",0,3,0,0,3,0,0,6,0,7
"149",0,2,0,0,1,0,1,1,0,3
"150",0,2,0,1,0,0,0,5,0,6
"151",0,1,0,0,0,0,0,5,0,3
"152",0,2,0,0,0,0,0,2,0,5
"153",0,1,0,1,1,0,0,3,0,5
"154",0,1,0,0,0,0,0,3,0,4
"155",0,2,0,0,2,0,0,4,0,7
"156",0,2,0,0,1,0,1,5,0,6
"157",0,2,0,0,1,0,0,2,0,6
"158",0,2,0,0,0,0,0,3,0,2
"159",0,2,0,0,1,0,0,4,0,5
"160",0,2,0,0,1,0,1,4,0,5
"161",0,1,0,0,0,0,0,4,0,7
"162",0,4,0,0,1,1,0,3,1,5
"163",0,4,0,0,2,0,1,3,1,8
"164",0,2,0,0,2,0,1,5,0,4
"165",0,3,0,0,2,0,1,5,0,7
"166",0,3,0,0,2,0,1,5,0,7
"167",0,2,0,0,1,0,0,4,0,4
"168",0,3,0,0,0,0,0,2,0,4
"169",0,4,0,0,3,0,1,3,0,5
"170",0,5,0,0,3,0,1,5,0,6
"171",0,1,0,0,0,0,0,2,0,3
"172",0,3,0,0,0,0,0,1,1,7
"173",0,1,0,0,0,0,0,8,0,5
"174",0,1,0,1,0,0,1,1,1,4
"175",0,3,0,1,1,0,1,6,3,8
"176",0,2,0,0,1,0,0,4,0,4
"177",0,1,0,0,0,0,0,3,0,2
"178",0,1,0,0,0,0,0,3,0,2
"179",0,2,0,0,1,0,1,4,0,3
"180",0,3,0,0,1,0,0,4,0,3
"181",0,3,1,0,2,1,2,5,0,4
"182",0,2,0,0,1,0,0,5,2,6
"183",0,3,0,0,1,0,0,5,0,9
"184",0,4,0,0,5,0,1,5,0,8
"185",0,4,0,2,2,0,1,6,2,7
"186",0,2,0,0,1,0,0,1,0,3
"187",0,2,0,0,1,0,0,3,0,5
"188",0,3,0,0,2,0,1,4,0,9
"189",1,1,0,0,0,0,0,2,1,3
"190",0,2,0,0,1,0,0,5,0,5
"191",0,1,0,0,0,0,0,1,0,3
"192",0,1,0,0,1,0,1,3,0,5
"193",0,3,0,0,3,0,1,5,0,7
"194",0,0,0,0,0,0,0,7,0,6
"195",0,5,0,0,2,0,0,4,0,6
"196",0,2,0,1,1,0,0,5,0,6
"197",0,2,0,0,1,0,1,4,0,3
"198",0,2,0,0,2,0,2,5,0,5
"199",1,4,0,1,2,1,1,6,2,9
"200",1,4,0,1,2,1,1,6,2,9
"201",1,4,0,1,2,1,1,6,2,9
"202",0,3,0,2,1,1,1,5,1,4
"203",0,4,0,0,1,0,0,3,0,4
"204",0,5,0,0,0,0,1,2,1,3
"205",0,5,0,1,3,0,0,5,0,7
"206",0,1,0,0,1,0,0,5,0,5
"207",0,1,0,0,1,0,0,5,0,5
"208",0,1,0,0,0,0,0,4,0,6
"209",0,2,0,0,1,0,0,5,0,4
"210",0,3,0,2,1,1,1,1,2,2
"211",0,3,0,1,0,0,1,1,1,3
"212",0,4,0,0,2,0,2,3,0,7
"213",1,1,0,0,0,0,0,2,1,4
"214",0,3,0,0,1,0,0,3,0,5
"215",0,3,0,0,1,0,0,4,0,4
"216",0,3,1,0,2,1,2,4,0,7
"217",0,2,0,0,0,0,0,4,0,6
"218",0,3,0,0,2,0,0,5,0,8
"219",0,3,0,0,2,0,0,5,0,8
"220",0,1,0,0,0,0,0,3,0,4
"221",0,3,0,0,2,0,1,3,0,8
"222",0,3,0,0,1,0,1,5,1,10
"223",0,0,0,2,1,0,0,3,0,4
"224",0,0,0,1,1,0,0,2,0,2
"225",0,0,0,0,0,0,0,2,0,6
"226",0,1,0,0,0,0,0,3,0,6
"227",0,3,0,1,1,0,1,4,0,5
"228",0,2,0,0,1,0,1,3,0,7
"229",0,1,0,0,0,0,0,3,0,6
"230",0,0,0,0,0,0,0,0,0,2
"231",0,2,0,0,1,0,1,3,0,7
"232",0,1,0,0,1,0,0,3,0,7
"233",0,2,0,0,1,0,1,3,0,7
"234",0,2,0,1,1,0,1,5,1,6
"235",0,7,0,0,3,1,1,6,0,12
"236",0,1,0,2,0,1,1,4,2,5
"237",0,1,0,0,0,0,0,2,0,2
"238",0,2,0,0,3,0,1,7,0,5
"239",0,3,0,0,1,0,0,5,1,3
"240",0,0,0,1,0,0,1,1,1,4
"241",0,2,0,0,1,0,0,4,1,5
"242",0,1,0,0,0,0,0,2,0,3
"243",3,2,0,3,1,0,1,4,2,5
"244",0,2,0,0,0,0,0,1,0,6
"245",1,1,0,1,0,0,0,0,1,7
"246",0,2,0,0,1,0,1,3,0,6
"247",0,2,0,0,1,0,0,5,0,7
"248",0,1,0,0,0,0,0,5,0,7
"249",0,1,0,0,0,0,0,3,0,1
"250",0,2,0,0,0,0,0,4,0,6
"251",0,3,0,1,0,0,0,4,0,7
"252",1,3,0,1,1,0,1,4,0,7
"253",0,2,0,1,0,1,1,3,1,7
"254",0,1,0,0,0,0,0,1,1,4
"255",0,2,0,0,2,0,1,4,1,8
"256",1,2,0,1,0,0,0,2,1,7
"257",0,1,0,1,1,0,0,3,1,4
"258",0,1,0,0,0,0,0,2,0,3
"259",1,1,0,1,0,0,0,3,1,2
"260",0,1,0,0,1,0,0,3,0,4
"261",0,3,0,0,1,0,0,3,0,5
"262",0,3,0,0,1,0,0,3,0,5
"263",0,3,0,0,0,0,0,6,1,7
"264",1,2,1,2,2,1,1,4,2,9
"265",0,3,0,0,3,0,1,2,1,7
"266",0,4,0,0,3,0,1,4,0,8
"267",0,0,0,0,0,0,0,3,1,3
"268",0,0,0,0,0,0,0,3,1,3
"269",0,0,0,0,0,0,0,7,0,6
"270",0,0,0,0,0,0,0,7,0,6
"271",0,2,0,1,0,0,0,4,1,3
"272",2,3,1,2,0,2,0,1,2,2
"273",0,2,0,1,1,0,0,5,2,6
"274",1,5,1,0,4,1,3,6,2,10
"275",0,1,0,0,0,0,0,5,0,8
"276",0,4,1,0,3,1,2,5,0,5
"277",0,4,1,0,3,1,2,5,0,5
"278",0,3,0,1,3,0,1,5,0,7
"279",0,1,0,1,2,0,0,3,0,5
"280",0,5,0,0,1,0,1,4,0,7
"281",0,3,0,0,2,0,0,3,0,8
"282",0,3,1,0,2,1,2,4,0,3
"283",0,1,0,0,0,0,0,2,0,3
"284",0,1,0,0,0,0,0,3,0,4
"285",0,0,0,0,0,0,0,2,0,1
"286",0,1,0,0,0,0,0,4,1,4
"287",0,3,0,0,2,0,1,5,0,10
"288",0,2,0,1,0,0,0,3,0,3
"289",0,2,0,0,1,0,0,2,0,3
"290",0,2,0,0,1,0,1,2,0,2
"291",0,4,0,0,2,0,2,3,0,8
"292",0,1,0,0,0,0,0,4,0,7
"293",0,2,0,0,1,1,1,2,1,5
"294",0,2,0,0,0,0,0,5,0,7
"295",0,2,1,0,1,1,1,2,0,4
"296",0,3,0,0,0,0,0,2,0,6
"297",1,1,0,1,0,0,1,3,0,5
"298",0,2,0,0,0,0,0,5,0,7
"299",0,1,0,1,2,0,0,8,0,6
"300",0,4,0,0,2,0,2,5,0,7
"301",0,5,0,0,1,0,1,4,0,8
"302",0,5,0,0,3,0,1,4,0,8
"303",0,3,0,0,1,0,0,4,0,7
"304",0,1,0,0,0,0,0,3,0,2
"305",0,0,0,0,0,0,0,1,0,3
"306",0,2,0,0,0,0,0,5,0,7
"307",0,4,0,0,3,0,1,3,0,9
"308",0,2,0,0,0,0,0,2,0,4
"309",0,3,0,0,2,1,1,4,1,7
"310",0,2,0,0,0,1,0,1,1,1
"311",0,3,0,0,2,0,0,8,0,8
"312",0,3,0,0,2,0,0,5,0,8
"313",0,3,0,0,2,0,0,5,0,8
"314",0,3,0,0,2,0,0,5,0,8
"315",0,2,0,0,0,0,0,2,0,4
"316",0,0,0,0,0,0,0,1,0,3
"317",0,2,0,1,2,0,1,5,0,8
"318",0,3,0,0,0,0,0,2,0,7
"319",0,2,0,0,1,0,0,4,0,5
"320",0,2,1,0,1,0,0,3,0,6
"321",0,2,0,1,0,0,0,3,0,2
"322",0,4,0,0,2,0,1,6,0,10
"323",0,1,0,0,1,0,0,3,0,4
"324",0,1,1,1,1,1,0,7,2,8
"325",0,3,0,0,0,0,0,5,0,4
"326",0,1,0,0,1,0,0,4,0,3
"327",1,1,1,0,0,0,0,2,1,1
"328",1,3,0,1,1,0,0,3,2,4
"329",0,3,0,0,1,0,0,2,0,2
"330",0,2,0,0,0,0,0,3,0,4
"331",0,5,0,0,1,0,0,2,0,6
"332",0,2,0,0,1,0,0,3,0,4
"333",0,3,0,0,1,0,0,4,0,8
"334",0,1,0,0,0,0,0,4,0,3
"335",0,2,0,0,1,0,0,3,0,7
"336",0,2,0,0,1,0,0,3,0,4
"337",0,2,0,0,1,0,0,4,1,5
"338",0,2,0,1,1,0,0,4,0,2
"339",0,3,0,0,0,0,0,4,0,9
"340",0,1,1,1,1,0,0,4,0,6
"341",0,6,0,0,2,0,2,5,0,8
"342",0,4,0,1,2,0,1,3,0,4
"343",0,2,0,0,0,0,0,3,1,4
"344",0,1,0,0,0,0,0,1,0,3
"345",0,3,0,0,0,0,0,3,0,3
"346",0,2,0,0,0,0,0,3,0,5
"347",0,4,0,0,2,0,2,4,0,6
"348",0,1,0,0,0,0,0,5,0,6
"349",0,1,0,2,0,1,1,4,2,5
"350",0,4,0,0,2,0,1,6,0,9
"351",0,2,0,0,0,0,0,4,0,5
"352",1,3,0,1,1,0,0,3,1,5
"353",0,1,0,0,0,0,0,4,1,8
"354",0,3,0,0,2,0,1,6,0,7
"355",0,4,0,0,1,0,0,4,0,5
"356",0,3,0,0,1,0,0,4,0,4
"357",0,2,0,0,1,0,0,6,0,5
"358",0,2,0,1,1,1,1,8,1,7
"359",0,3,0,0,1,0,0,3,0,3
"360",0,2,0,1,0,0,0,4,1,3
"361",0,3,0,0,1,0,0,3,1,4
"362",0,1,0,0,0,0,1,2,0,2
"363",0,7,1,0,5,2,2,8,0,8
"364",0,1,0,0,1,0,0,2,0,4
"365",0,1,0,0,0,0,0,3,0,5
"366",1,1,1,1,1,1,1,4,1,8
"367",0,2,0,2,0,0,0,1,2,3
"368",1,1,0,2,2,0,0,7,2,7
"369",0,4,0,0,1,0,0,5,0,7
"370",0,0,0,0,0,0,0,4,0,4
"371",0,0,0,0,0,0,0,1,0,3
"372",0,3,0,0,1,0,1,1,0,3
"373",0,2,0,0,1,0,0,6,0,6
"374",0,3,0,0,2,0,2,2,0,5
"375",0,2,0,0,1,0,1,3,0,4
"376",0,4,0,0,3,0,1,3,0,9
"377",0,3,0,1,1,0,1,4,0,8
"378",0,4,1,0,2,0,1,3,1,4
"379",0,2,0,1,1,0,0,1,0,6
"380",0,3,1,0,2,0,1,8,0,9
"381",0,2,0,1,0,0,0,4,0,6
"382",0,3,0,0,3,0,1,3,0,8
"383",0,3,0,0,2,0,0,4,0,7
"384",0,4,0,1,2,0,1,3,1,7
"385",0,2,0,0,2,0,0,3,0,6
"386",0,2,0,0,2,0,0,5,0,12
"387",0,2,0,0,0,0,0,4,0,6
"388",1,2,1,1,3,0,0,3,0,9
"389",0,4,0,1,4,1,0,4,2,5
"390",0,1,0,0,0,0,0,3,0,5
"391",0,3,0,2,0,0,1,2,1,6
"392",0,5,0,0,2,0,0,6,0,6
"393",0,2,0,1,2,0,0,5,0,9
"394",0,3,0,0,3,0,0,7,0,8
"395",0,3,0,1,0,0,0,4,0,7
"396",0,4,0,1,2,0,2,6,1,9
"397",0,2,0,0,1,0,0,4,0,4
"398",1,5,2,1,5,1,2,5,1,8
"399",0,0,0,1,0,0,0,3,0,5
"400",0,1,0,0,0,0,0,2,1,3
"401",1,3,0,1,1,1,0,5,1,6
"402",0,2,0,0,0,0,0,2,1,3
"403",0,4,0,1,4,0,1,5,0,8
"404",0,3,0,0,1,0,1,4,0,6
"405",0,3,0,0,0,0,0,3,0,6
"406",0,2,0,0,0,0,0,6,1,6
"407",0,2,0,0,1,0,0,4,0,6
"408",0,2,0,0,0,0,0,6,0,5
"409",0,2,0,0,0,0,0,5,2,8
"410",0,1,0,1,0,0,0,5,1,5
"411",0,2,0,0,0,0,0,6,0,8
"412",0,3,0,0,1,0,0,4,0,6
"413",0,2,0,0,0,0,0,3,1,2
"414",1,5,0,1,3,0,1,5,2,6
"415",0,2,0,0,1,0,0,4,1,3
"416",1,2,0,0,1,1,0,2,1,3
"417",0,2,0,0,1,0,0,4,0,4
"418",0,2,0,0,2,0,1,5,0,7
"419",0,3,0,0,2,0,0,6,0,9
"420",0,1,0,0,0,0,0,2,0,5
"421",0,5,0,0,2,1,0,6,0,13
"422",0,3,0,0,2,0,1,3,0,7
"423",0,3,0,0,2,0,0,2,0,4
"424",0,3,0,0,2,0,0,3,0,4
"425",0,2,0,0,2,0,1,4,0,5
"426",0,3,0,0,2,1,0,5,1,10
"427",0,2,0,0,0,0,0,2,1,5
"428",0,1,0,0,0,0,0,2,0,3
"429",0,5,0,1,3,0,1,8,0,7
"430",0,2,0,0,0,0,0,4,0,2
"431",0,3,1,0,1,0,1,3,1,4
"432",0,1,0,0,0,0,1,5,0,7
"433",0,1,0,0,0,0,0,2,0,3
"434",0,0,0,0,0,0,0,0,0,3
"435",0,1,0,0,0,0,0,3,0,4
"436",1,4,0,1,1,1,0,4,1,7
"437",0,3,0,1,1,0,1,2,0,5
"438",0,6,0,0,1,0,1,4,0,8
"439",0,6,0,0,1,0,1,4,0,8
"440",0,6,0,0,1,0,1,4,0,8
"441",0,6,0,0,1,0,1,4,0,8
"442",0,6,0,0,1,0,1,4,0,8
"443",0,6,0,0,1,0,1,4,0,8
"444",0,6,0,0,1,0,1,4,0,8
"445",0,6,0,0,1,0,1,4,0,8
"446",1,2,1,1,2,1,0,4,1,5
"447",0,1,0,0,0,0,0,3,0,4
"448",0,2,1,0,1,1,3,3,0,4
"449",0,6,0,0,3,1,0,8,0,12
"450",0,2,0,0,0,0,0,1,0,3
"451",0,0,0,0,1,0,0,1,0,3
"452",0,1,0,0,1,0,0,2,0,1
"453",1,2,0,2,2,1,2,4,1,5
"454",0,2,0,1,0,0,0,3,2,4
"455",0,3,0,0,1,0,1,2,0,7
"456",0,4,0,0,4,0,1,3,0,8
"457",0,1,0,1,1,0,0,6,0,11
"458",0,4,0,0,4,0,1,3,0,8
"459",2,2,1,3,1,3,1,1,3,4
"460",0,2,0,1,1,1,1,5,1,6
"461",0,1,0,0,0,0,0,1,0,3
"462",0,2,0,0,1,0,0,4,0,4
"463",0,2,0,0,2,0,1,1,0,4
"464",1,2,0,2,1,1,0,2,2,5
"465",0,2,0,2,0,0,0,2,1,7
"466",1,5,0,2,3,1,2,6,1,9
"467",1,0,1,0,0,1,0,2,2,1
"468",2,1,0,1,1,2,0,1,2,3
"469",0,2,0,0,1,0,0,1,1,7
"470",0,3,0,1,1,0,1,4,0,8
"471",1,3,1,0,1,0,1,3,1,6
"472",0,3,0,0,1,0,0,3,1,7
"473",0,3,0,0,1,0,2,2,0,7
"474",0,1,0,0,0,0,0,2,0,2
"475",0,4,0,0,2,0,0,3,0,9
"476",0,2,0,0,3,0,0,6,0,8
"477",0,2,0,0,0,0,0,4,0,5
"478",0,4,0,0,1,0,0,4,1,4
"479",0,2,0,0,2,0,1,5,0,6
"480",0,3,0,0,2,0,1,5,0,7
"481",0,2,1,1,0,0,0,3,2,4
"482",0,1,0,1,0,0,0,1,1,2
"483",0,4,0,1,1,0,0,3,1,6
"484",0,2,0,0,0,0,0,7,0,4
"485",0,3,0,0,1,0,0,6,0,7
"486",0,2,0,0,0,0,0,3,1,3
"487",0,2,0,0,1,0,1,4,1,7
"488",0,0,0,1,0,0,1,1,1,4
"489",0,5,0,0,3,0,1,4,0,8
"490",0,3,0,0,2,0,0,6,0,5
"491",0,4,0,1,2,1,1,3,1,4
"492",0,2,0,0,1,1,0,3,1,4
"493",0,2,0,0,1,1,0,3,1,4
"494",0,2,0,0,1,1,0,3,1,6
"495",0,2,0,0,0,0,0,1,0,5
"496",0,3,0,1,2,0,0,5,1,7
"497",0,3,0,1,2,0,0,5,1,7
"498",0,1,0,0,0,0,0,2,0,6
"499",0,1,0,0,0,0,0,2,0,4
"500",0,2,1,0,0,1,0,1,0,4
"501",0,2,0,0,2,0,0,3,0,6
"502",1,3,0,0,2,0,2,4,1,7
"503",0,4,0,0,2,1,0,3,0,5
"504",0,1,0,1,1,0,0,7,1,6
"505",0,2,0,0,0,0,0,4,0,4
"506",0,1,0,0,0,0,0,3,0,3
"507",0,3,0,0,2,0,0,3,0,6
"508",0,2,0,0,0,1,0,3,1,5
"509",0,0,0,0,0,0,0,3,0,1
"510",0,3,0,0,0,0,0,3,0,7
"511",0,3,0,1,0,0,1,2,1,3
"512",0,1,0,0,0,0,0,4,0,3
"513",0,3,1,1,0,1,1,1,1,4
"514",0,4,0,0,1,0,0,3,0,4
"515",0,2,0,0,1,0,0,3,0,5
"516",0,7,1,0,3,1,3,4,0,9
"517",0,1,0,0,0,0,0,5,0,10
"518",0,1,0,0,0,0,0,6,0,5
"519",0,2,1,0,1,1,1,2,0,5
"520",0,6,0,0,1,0,1,3,0,7
"521",1,4,1,0,3,1,3,7,2,6
"522",1,3,0,2,1,0,1,4,1,6
"523",0,1,0,0,0,0,0,3,1,5
"524",0,1,0,0,0,0,0,3,1,5
"525",0,1,0,0,0,0,0,3,1,5
"526",0,5,0,0,3,0,1,4,1,6
"527",0,2,0,0,0,0,0,5,0,7
"528",2,3,0,2,2,0,1,3,2,4
"529",0,5,0,1,2,0,1,3,1,9
"530",0,4,0,0,1,0,1,3,1,6
"531",1,1,1,1,0,0,0,4,1,5
"532",0,1,0,0,1,0,0,2,0,4
"533",0,3,0,0,0,0,0,2,1,6
"534",0,5,0,0,4,0,0,2,0,8
"535",0,5,0,0,3,0,0,5,0,9
"536",1,2,0,1,1,0,2,2,1,5
"537",0,1,0,0,0,0,0,4,0,4
"538",0,2,0,0,1,0,1,3,0,3
"539",0,1,0,0,0,0,0,1,0,3
"540",0,1,0,0,1,0,0,6,0,7
"541",0,2,0,0,1,0,0,5,0,6
"542",0,2,0,0,0,0,0,3,0,4
"543",0,6,0,0,3,0,2,3,1,8
"544",0,2,0,0,1,0,0,3,1,8
"545",0,2,0,1,1,0,0,2,0,3
"546",0,3,0,0,2,0,1,5,0,8
"547",0,3,0,0,2,0,0,4,0,8
"548",0,1,0,0,0,0,0,3,0,4
"549",0,1,0,0,0,0,0,4,0,6
"550",0,4,0,0,1,0,0,4,1,7
"551",0,3,0,0,2,0,0,6,0,8
"552",1,3,1,0,0,0,0,4,2,9
"553",0,4,0,0,1,0,1,2,0,4
"554",0,3,0,0,1,0,1,3,0,8
"555",0,2,0,0,0,0,0,3,0,4
"556",0,1,0,1,1,1,0,2,1,6
"557",0,5,0,0,1,0,1,3,0,8
"558",0,1,0,0,0,1,0,4,1,6
"559",0,2,0,0,1,0,1,3,0,4
"560",1,2,1,0,0,0,0,4,1,6
"561",0,1,0,0,0,0,0,7,0,9
"562",0,1,0,1,0,1,0,1,1,1
"563",0,1,0,0,1,0,0,2,0,7
"564",0,1,0,0,0,0,0,3,0,2
"565",0,2,0,0,0,0,0,3,0,4
"566",0,2,0,0,0,0,0,3,0,4
"567",0,1,0,0,0,0,0,4,0,4
"568",1,1,0,0,0,0,1,2,1,2
"569",0,2,0,1,1,0,1,3,1,5
"570",1,2,0,0,0,0,0,3,1,4
"571",0,1,0,0,1,0,0,3,0,4
"572",0,1,0,0,0,0,0,1,0,1
"573",0,2,0,0,2,0,0,7,0,9
"574",0,2,0,0,1,0,0,3,0,5
"575",0,1,0,0,0,0,1,2,0,3
"576",0,5,0,1,2,0,1,2,0,6
"577",0,2,0,1,1,1,1,2,1,5
"578",0,1,0,0,0,0,0,3,0,3
"579",1,2,0,1,1,0,2,3,1,8
"580",0,3,0,0,2,0,2,4,0,6
"581",0,4,0,0,1,0,1,2,0,5
"582",0,1,0,1,0,0,0,2,0,5
"583",0,2,0,0,1,0,1,3,0,5
"584",0,3,0,0,2,0,0,4,0,6
"585",0,0,0,0,1,0,0,1,0,4
"586",0,1,0,0,1,0,0,1,0,6
"587",0,4,0,0,3,0,1,3,0,5
"588",0,1,0,0,1,0,0,1,0,5
"589",0,4,0,0,2,0,1,4,0,8
"590",0,2,0,0,1,0,1,3,0,5
"591",0,2,0,0,1,0,1,1,0,3
"592",0,1,0,0,0,0,0,2,0,4
"593",1,4,0,1,3,0,1,4,2,9
"594",0,5,1,0,5,1,3,9,0,11
"595",0,4,0,0,3,0,1,3,0,8
"596",0,2,0,0,1,0,0,2,0,4
"597",0,2,0,0,1,0,0,1,0,3
"598",0,3,0,0,1,0,0,4,0,8
"599",0,7,0,0,6,1,0,6,1,10
"600",0,2,0,0,0,0,0,3,0,4
"601",0,2,0,0,0,0,0,3,0,4
"602",0,0,0,0,0,0,0,2,0,3
"603",0,5,0,0,2,0,0,3,0,7
"604",0,4,0,0,2,0,1,5,0,8
"605",1,1,1,1,1,1,0,3,1,6
"606",0,3,0,0,1,0,0,4,0,5
"607",0,5,0,0,1,0,2,8,0,10
"608",0,1,0,0,0,0,0,3,0,5
"609",0,0,0,0,0,0,0,1,2,3
"610",0,3,0,1,0,0,0,6,0,9
"611",0,1,0,0,1,0,1,5,0,5
"612",0,2,0,0,0,1,1,4,1,6
"613",0,1,0,0,0,0,0,2,0,3
"614",1,2,0,1,1,1,0,3,1,4
"615",0,4,0,0,0,0,0,2,1,5
"616",0,3,0,1,1,0,1,1,1,7
"617",0,2,0,0,2,0,1,4,0,6
"618",0,2,0,0,0,0,0,4,0,6
"619",0,1,0,0,0,0,0,3,0,3
"620",0,1,1,0,0,1,0,4,0,7
"621",0,1,1,0,0,1,0,4,0,7
"622",0,2,0,0,1,0,0,3,0,3
"623",0,3,0,1,0,1,0,1,1,2
"624",0,3,0,0,1,0,1,5,0,7
"625",0,0,0,0,1,0,0,1,0,2
"626",0,2,0,0,1,0,0,2,0,6
"627",0,2,0,0,1,0,0,2,0,6
"628",1,0,0,1,1,0,0,2,2,3
"629",0,5,0,0,3,0,2,4,0,6
"630",0,5,0,0,3,0,2,4,0,6
"631",0,2,0,1,0,0,0,3,1,4
"632",0,1,0,0,0,1,0,2,1,3
"633",0,1,0,0,0,1,0,2,1,3
"634",1,2,0,1,0,0,0,3,1,4
"635",0,4,0,0,2,0,0,4,0,9
"636",0,3,0,0,1,0,0,3,0,7
"637",0,1,0,1,1,0,0,2,0,4
"638",0,3,0,1,2,0,0,5,0,8
"639",0,1,0,0,0,0,0,3,0,5
"640",0,4,0,0,0,0,0,6,0,8
"641",0,2,0,0,1,0,0,4,0,4
"642",1,5,0,2,1,0,1,2,2,7
"643",0,2,0,0,1,0,0,3,0,5
"644",0,3,0,0,1,0,0,3,0,4
"645",0,2,0,0,1,0,0,2,1,6
"646",0,1,0,0,0,0,0,3,0,6
"647",0,4,0,1,4,0,1,5,0,9
"648",0,2,0,1,2,0,0,4,0,4
"649",0,2,0,2,1,1,0,4,0,4
"650",0,4,0,0,3,0,2,6,0,8
"651",0,1,0,1,0,0,0,4,0,4
"652",0,3,0,1,0,0,0,2,1,4
"653",0,2,0,0,0,0,0,3,0,3
"654",0,3,0,2,1,0,0,5,2,6
"655",0,2,0,0,1,0,1,2,0,6
"656",0,2,0,0,1,0,1,4,0,4
"657",0,3,0,0,0,0,0,3,0,7
"658",1,4,1,3,2,0,0,4,3,4
"659",0,5,0,0,2,0,1,4,0,7
"660",0,4,0,0,2,0,0,3,0,6
"661",0,2,0,0,1,0,0,5,0,5
"662",0,3,1,1,1,1,1,3,0,7
"663",0,2,0,0,1,0,0,4,0,4
"664",0,3,0,0,0,0,0,5,0,6
"665",0,4,0,0,5,0,0,4,0,9
"666",0,3,0,0,2,0,0,5,0,8
"667",0,4,0,0,1,0,1,3,0,6
"668",0,3,0,0,2,0,1,5,0,9
"669",0,4,0,0,1,0,0,4,0,6
"670",0,2,0,1,3,0,1,3,0,8
"671",0,2,0,0,1,0,0,2,0,3
"672",0,4,0,0,3,0,1,5,0,7
"673",0,5,0,0,2,0,0,5,1,8
"674",0,1,0,0,0,0,0,2,0,6
"675",0,0,0,0,0,0,0,2,0,6
"676",0,5,0,0,3,0,2,5,0,6
"677",0,1,0,0,0,0,0,4,0,5
"678",0,2,0,0,0,0,0,3,0,5
"679",0,3,0,0,3,0,0,6,0,7
"680",0,3,0,0,3,0,0,6,0,7
"681",1,1,1,0,0,0,0,4,1,5
"682",1,1,1,0,0,0,0,4,1,5
"683",0,3,0,0,0,0,0,2,1,6
"684",0,3,0,0,1,0,0,3,0,6
"685",0,0,0,0,0,0,0,2,0,1
"686",1,1,0,0,0,0,0,2,1,3
"687",1,2,0,1,1,1,0,2,1,4
"688",0,2,0,0,1,0,0,5,0,4
"689",1,4,0,1,3,0,1,4,1,7
"690",0,2,0,0,1,0,1,3,0,3
"691",0,1,0,0,0,0,0,4,0,2
"692",0,3,0,0,1,0,1,3,0,3
"693",1,3,0,1,1,1,1,6,1,8
"694",0,1,0,0,0,0,1,2,1,4
"695",0,3,1,0,2,1,3,4,0,3
"696",0,5,0,0,2,0,0,4,0,7
"697",0,2,0,0,1,0,1,3,0,4
"698",0,3,0,1,0,1,0,1,1,5
"699",1,2,1,0,1,0,1,3,1,7
"700",1,4,1,0,2,0,0,5,1,9
"701",0,2,0,0,1,0,0,3,0,7
"702",0,3,1,1,1,0,0,3,1,6
"703",0,5,0,0,1,0,0,5,0,7
"704",0,3,0,0,2,0,0,5,0,7
"705",0,2,0,0,1,0,0,4,0,7
"706",1,4,0,0,1,0,2,4,0,8
"707",0,2,0,0,1,0,0,2,0,4
"708",0,3,0,1,1,0,1,4,0,7
"709",0,1,0,0,0,0,0,3,0,3
"710",0,0,0,0,1,0,0,5,0,5
"711",0,3,0,0,1,0,1,2,1,5
"712",0,0,0,0,0,0,0,2,0,4
"713",0,1,0,0,0,0,0,1,1,2
"714",0,3,0,0,1,0,0,2,0,5
"715",0,3,0,0,2,0,1,3,0,5
"716",0,1,0,0,0,0,0,3,0,5
"717",0,2,0,0,1,0,0,5,0,10
"718",0,2,0,0,1,0,0,2,0,3
"719",0,2,0,0,0,0,0,3,0,5
"720",1,2,1,1,3,0,0,5,1,9
"721",0,1,0,0,0,0,0,5,0,8
"722",0,3,0,1,2,1,1,3,1,7
"723",0,3,0,0,2,0,0,4,0,6
"724",0,3,0,0,3,0,0,5,0,6
"725",0,2,0,0,1,0,0,2,0,4
"726",0,1,0,0,0,0,0,2,0,3
"727",0,2,0,0,1,0,0,2,0,3
"728",0,3,0,0,1,0,1,2,0,3
"729",0,2,0,0,0,0,0,4,0,4
"730",0,5,0,1,2,0,2,3,0,5
"731",0,5,0,0,4,0,2,6,0,7
"732",0,4,0,0,3,0,2,8,0,10
"733",0,4,0,0,1,0,0,4,1,4
"734",0,2,0,1,1,0,0,3,0,8
"735",0,1,0,1,1,0,0,5,0,7
"736",0,1,0,0,0,0,0,1,1,2
"737",0,2,0,0,1,0,0,6,0,5
"738",0,2,0,1,0,0,0,1,1,2
"739",2,4,0,1,2,0,1,5,3,8
"740",0,1,0,0,0,0,0,1,0,2
"741",0,1,0,0,0,0,0,2,0,1
"742",0,1,0,0,0,0,0,2,0,1
"743",0,1,0,0,0,0,0,2,0,1
"744",0,1,0,0,0,0,0,2,0,4
"745",0,1,0,0,0,0,0,2,0,3
"746",0,1,0,0,0,0,0,2,0,1
"747",1,0,0,0,0,0,1,3,0,6
"748",0,3,0,0,1,1,0,3,2,3
"749",0,4,0,1,0,0,0,2,1,4
"750",0,4,0,0,2,0,1,5,2,9
"751",0,2,0,1,1,0,1,3,2,4
"752",1,3,1,0,1,0,0,4,1,8
"753",0,2,0,0,2,1,1,2,1,5
"754",0,2,0,0,2,1,0,3,1,5
"755",0,2,0,0,0,0,0,6,0,6
"756",0,1,0,0,0,0,0,2,0,3
"757",0,1,0,0,0,0,0,4,0,6
"758",0,1,0,0,0,0,0,4,0,5
"759",0,3,0,0,2,0,1,5,0,7
"760",1,3,0,2,2,1,0,5,1,5
"761",0,2,0,0,0,0,0,3,0,7
"762",2,5,1,2,2,3,2,1,3,10
"763",2,5,1,2,2,3,2,1,3,10
"764",2,5,1,2,2,3,2,1,3,10
"765",0,1,0,0,0,0,0,5,0,4
"766",0,2,0,0,2,0,0,2,1,4
"767",1,1,1,1,1,1,1,2,1,4
"768",0,6,1,0,4,1,3,6,0,11
"769",0,5,0,1,2,0,0,4,0,8
"770",0,4,0,1,2,0,0,4,0,7
"771",0,0,0,1,0,0,0,2,1,2
"772",0,5,0,0,3,0,2,3,0,9
"773",0,2,0,0,0,0,0,1,1,2
"774",0,2,0,0,1,0,0,2,0,5
"775",0,1,0,1,0,1,0,4,1,7
"776",0,3,0,0,1,0,0,5,1,10
"777",0,4,0,1,3,0,0,6,0,6
"778",0,5,0,0,2,0,0,5,1,8
"779",0,3,0,1,3,1,0,4,1,6
"780",0,1,0,0,0,0,0,1,0,2
"781",0,1,1,0,2,0,0,4,1,6
"782",0,2,0,0,0,0,0,3,0,5
"783",0,1,0,0,0,0,0,2,0,2
"784",0,1,0,0,0,0,0,4,0,2
"785",0,2,0,0,1,0,0,3,0,3
"786",0,0,0,0,0,0,0,3,1,5
"787",0,2,0,0,0,1,1,4,1,6
"788",0,3,0,1,0,0,0,1,0,5
"789",0,1,0,1,1,0,1,2,0,3
"790",0,2,0,0,1,0,0,2,0,4
"791",0,2,0,0,0,0,0,3,0,8
"792",1,3,0,1,0,1,0,3,3,6
"793",0,7,0,0,2,0,2,4,1,10
"794",0,3,0,0,2,0,1,3,0,4
"795",0,2,0,1,0,0,1,2,1,2
"796",0,1,0,1,1,0,0,4,0,5
"797",0,3,0,0,2,0,1,4,0,3
"798",1,0,0,0,0,0,0,3,1,1
"799",0,1,0,0,0,0,0,4,0,5
"800",0,3,0,1,1,0,0,4,0,6
"801",0,2,0,0,0,0,0,3,0,6
"802",0,2,0,0,0,0,0,2,0,3
"803",0,4,0,1,0,0,0,4,1,6
"804",0,3,0,0,1,1,1,2,0,4
"805",0,1,0,0,0,0,0,4,0,5
"806",0,4,0,0,1,0,0,5,0,10
"807",0,4,0,0,2,0,1,5,0,6
"808",0,4,0,0,2,0,1,5,0,6
"809",0,3,0,1,1,0,0,4,0,8
"810",0,3,0,0,1,0,1,3,0,5
"811",0,1,0,0,0,0,0,3,0,5
"812",1,0,0,2,0,1,0,3,2,4
"813",0,2,0,1,0,0,0,4,0,8
"814",0,1,0,0,0,0,0,1,0,4
"815",0,1,0,0,0,0,0,1,0,4
"816",0,1,0,0,0,0,1,1,0,4
"817",0,1,0,0,0,0,0,1,0,4
"818",0,1,0,0,0,0,0,1,0,4
"819",0,1,0,0,0,0,0,1,0,4
"820",0,1,0,0,0,0,0,1,0,4
"821",0,1,0,0,0,0,0,1,0,4
"822",0,4,0,0,4,1,0,8,1,8
"823",0,5,0,0,1,0,1,2,0,8
"824",0,5,0,0,0,0,1,2,1,3
"825",0,4,0,1,3,0,1,7,0,7
"826",0,2,0,1,1,1,0,3,1,6
"827",2,4,1,2,0,2,1,0,2,5
"828",0,3,0,1,2,0,1,6,0,5
"829",0,1,0,0,0,0,0,5,0,3
"830",0,2,0,0,0,0,0,3,1,5
"831",0,3,0,0,0,0,0,3,0,10
"832",0,2,0,2,2,0,0,4,0,5
"833",1,1,1,0,0,0,0,2,1,3
"834",0,0,0,0,0,0,0,4,0,5
"835",0,2,0,0,0,0,0,6,0,6
"836",0,2,0,0,0,0,0,4,1,6
"837",0,4,0,1,1,0,0,5,1,6
"838",0,3,0,0,1,0,1,5,0,7
"839",0,0,0,0,0,0,0,1,0,2
"840",0,2,0,1,1,1,0,3,1,5
"841",0,2,0,0,2,0,0,8,0,5
"842",0,2,0,0,3,0,1,5,0,7
"843",1,5,0,0,2,0,1,5,1,9
"844",1,5,0,2,2,1,2,6,1,7
"845",0,1,0,0,0,0,0,3,0,2
"846",0,2,0,0,0,0,0,5,0,5
"847",0,5,0,0,3,0,1,4,0,7
"848",1,5,1,1,1,0,1,5,0,7
"849",0,1,0,0,0,0,0,3,0,4
"850",1,3,0,0,2,0,2,4,1,7
"851",0,2,0,0,0,0,0,2,0,2
"852",0,3,0,1,1,0,0,4,0,6
"853",0,2,0,0,1,0,1,5,0,6
"854",0,1,0,1,1,0,0,2,0,3
"855",0,4,0,0,2,0,0,4,0,7
"856",0,1,0,0,0,0,0,4,0,6
"857",0,1,0,0,0,1,0,4,1,6
"858",0,1,1,0,1,1,0,2,0,5
"859",0,2,0,0,0,0,0,6,0,6
"860",0,5,0,1,2,0,1,5,0,5
"861",0,1,0,0,0,0,0,1,0,3
"862",0,3,0,0,0,0,0,6,1,7
"863",0,1,0,1,0,0,0,3,1,5
"864",1,2,1,1,2,0,0,6,2,10
"865",1,2,1,2,2,1,1,4,2,9
"866",0,2,0,0,1,0,0,4,0,4
"867",0,3,0,0,0,0,0,2,0,6
"868",0,2,0,0,0,0,0,3,0,5
"869",0,3,0,0,1,0,1,2,0,5
"870",0,1,0,0,0,0,0,3,0,3
"871",0,2,0,0,1,0,1,4,0,5
"872",0,2,0,0,1,0,2,4,0,5
"873",0,4,1,0,3,1,3,5,0,5
"874",0,4,0,1,3,0,3,6,0,6
"875",0,5,0,0,1,0,2,3,0,7
"876",0,2,1,0,1,1,1,2,0,5
"877",0,6,0,0,1,0,1,3,0,7
"878",0,1,0,0,0,0,0,3,1,5
"879",0,1,0,0,1,0,0,3,0,6
"880",0,5,0,0,2,0,0,6,1,11
"881",0,2,0,0,0,0,0,5,0,7
"882",0,2,0,0,1,0,0,3,0,4
"883",0,3,0,0,1,0,0,5,0,8
"884",0,2,0,0,1,0,0,3,0,5
"885",1,1,1,1,0,0,0,4,1,5
"886",0,1,0,0,1,0,0,2,0,4
"887",0,3,0,0,3,1,1,7,1,7
"888",0,2,0,0,0,0,0,3,0,4
"889",0,3,0,0,2,0,0,4,0,4
"890",0,2,0,0,0,0,0,3,0,6
"891",1,2,0,1,1,0,2,2,1,5
"892",0,1,1,0,0,0,0,5,1,3
"893",0,1,0,0,0,0,1,4,0,5
"894",0,2,0,0,0,0,0,2,0,4
"895",0,4,0,0,3,1,1,7,1,10
"896",0,2,0,1,1,0,0,2,0,3
"897",0,2,0,0,3,0,0,4,0,5
"898",0,1,0,0,1,0,0,2,0,2
"899",0,3,0,1,0,0,1,2,1,3
"900",0,5,0,0,2,0,1,3,1,7
"901",0,5,0,0,2,0,1,3,1,7
"902",0,3,1,1,0,1,1,1,1,4
"903",0,2,0,0,1,0,0,5,0,9
"904",1,2,0,1,1,1,1,8,1,6
"905",0,3,0,0,2,0,1,5,0,8
"906",0,1,0,0,0,0,0,5,1,6
"907",0,2,0,0,1,0,1,4,0,5
"908",0,1,0,0,0,0,0,2,0,1
"909",0,1,0,0,0,0,0,5,0,4
"910",0,3,0,0,1,0,2,2,1,6
"911",0,3,0,0,2,0,0,3,0,5
"912",0,1,0,1,1,0,0,3,0,5
"913",0,2,0,0,1,0,2,4,0,5
"914",0,2,0,0,1,0,2,4,0,5
"915",0,1,0,0,2,0,0,5,0,7
"916",0,4,1,0,3,1,3,5,0,5
"917",0,2,0,0,1,1,0,3,2,6
"918",0,1,0,0,0,0,0,4,0,6
"919",0,5,0,0,1,0,2,3,0,7
"920",0,5,0,0,1,0,2,3,0,7
"921",0,2,1,0,1,1,1,2,0,5
"922",0,3,0,0,2,0,1,6,0,8
"923",0,6,0,0,3,0,1,7,0,7
"924",0,6,0,0,3,0,1,7,0,7
"925",0,6,0,0,1,0,1,3,0,7
"926",1,3,0,0,1,1,0,3,1,3
"927",0,1,0,0,0,0,0,2,0,2
"928",0,1,0,0,1,0,0,5,0,5
"929",0,4,0,0,2,1,1,4,1,9
"930",1,2,0,1,0,1,0,4,2,6
"931",0,5,0,0,3,0,1,4,1,6
"932",0,3,0,0,0,0,0,1,0,3
"933",0,1,0,0,0,0,0,2,0,2
"934",0,1,0,0,0,0,0,2,0,2
"935",0,2,0,0,3,0,0,6,0,8
"936",0,1,0,0,1,0,0,3,0,6
"937",0,1,0,0,0,0,0,3,1,5
"938",0,1,0,0,0,0,0,3,1,5
"939",0,5,0,0,2,0,0,6,1,11
"940",0,4,0,0,2,0,0,3,0,9
"941",2,3,1,2,1,1,1,3,2,6
"942",0,3,0,1,1,0,0,3,0,8
"943",0,5,0,1,2,0,1,3,1,9
"944",0,2,0,0,3,0,0,6,0,8
"945",0,2,0,0,3,0,0,6,0,8
"946",0,2,0,0,3,0,0,6,0,8
"947",0,2,0,0,3,0,0,6,0,8
"948",0,2,0,0,1,0,1,4,0,5
"949",2,3,0,2,2,0,1,3,2,4
"950",1,1,1,1,0,0,0,4,1,5
"951",0,3,0,0,2,0,1,4,0,8
"952",0,2,0,0,1,0,0,3,0,4
"953",0,1,0,0,0,0,0,4,0,7
"954",0,3,0,0,3,1,1,7,1,7
"955",0,1,0,0,1,0,0,2,0,4
"956",0,2,0,0,0,0,0,3,0,5
"957",0,4,0,0,1,1,0,3,1,5
"958",0,2,0,0,1,0,0,3,0,6
"959",0,2,0,0,0,0,0,3,0,5
"960",0,2,0,0,1,0,0,5,0,7
"961",1,2,0,1,1,0,1,4,1,5
"962",0,2,0,0,0,0,0,4,0,5
"963",1,3,1,0,2,0,2,2,1,5
"964",1,3,1,1,3,1,0,5,1,9
"965",0,2,0,0,1,0,0,2,0,5
"966",0,1,1,0,0,0,0,5,1,3
"967",0,4,0,0,2,0,1,4,0,8
"968",0,2,0,0,0,0,0,3,1,5
"969",0,2,0,0,1,0,0,2,0,5
"970",0,3,0,1,0,0,0,3,0,8
"971",0,3,0,0,1,0,0,4,0,7
"972",0,2,0,0,1,0,0,5,0,6
"973",1,1,0,1,0,1,0,3,1,5
"974",0,2,0,0,0,0,0,4,0,5
"975",0,2,0,0,0,0,1,3,1,3
"976",0,3,0,0,2,0,0,2,0,5
"977",2,1,0,1,0,1,1,2,3,5
"978",0,2,0,0,1,0,0,3,1,8
"979",0,2,0,0,0,0,0,1,0,3
"980",1,2,0,2,1,0,0,3,1,3
"981",0,3,0,0,2,0,1,6,0,6
"982",0,2,0,1,1,0,0,2,0,3
"983",0,2,0,0,1,0,1,1,1,2
"984",0,1,0,0,1,0,0,4,0,3
"985",0,3,0,0,2,0,1,4,0,8
"986",0,2,0,0,0,0,0,1,0,3
"987",0,3,0,0,2,0,1,4,0,8
"988",0,1,0,0,0,0,0,5,0,7
"989",0,1,0,0,1,0,0,4,0,5
"990",0,1,0,0,0,0,0,5,0,6
"991",0,3,0,0,2,0,1,5,0,7
"992",0,3,0,2,3,1,0,6,1,10
"993",0,3,0,0,3,0,0,6,0,7
"994",0,2,0,1,0,0,0,5,0,6
"995",0,3,0,0,0,0,0,2,0,4
"996",0,2,0,0,0,0,0,6,1,8
"997",0,2,0,0,1,0,1,1,0,3
"998",1,2,0,0,2,2,0,2,2,8
"999",0,1,0,0,1,0,0,2,1,6
"1000",0,3,0,0,0,0,0,5,0,8
"1001",0,4,0,0,2,0,1,3,0,7
"1002",0,1,0,1,1,0,0,3,0,5
"1003",0,3,0,0,2,0,0,4,0,8
"1004",0,3,0,0,0,0,0,3,0,5
"1005",0,2,0,0,0,0,0,2,0,8
"1006",0,2,0,0,0,0,0,2,0,5
"1007",0,2,0,0,0,0,0,2,0,4
"1008",0,1,0,0,0,0,0,5,0,3
"1009",0,1,0,0,0,0,0,3,0,4
"1010",0,3,0,0,0,0,0,4,1,8
"1011",0,3,0,0,0,0,0,3,0,6
"1012",0,2,0,0,2,0,0,4,0,7
"1013",0,3,0,0,0,0,0,2,0,4
"1014",0,4,0,0,2,0,1,7,0,7
"1015",0,2,0,0,1,0,1,4,0,4
"1016",0,1,0,1,1,0,0,3,1,4
"1017",0,3,0,0,3,0,0,5,0,11
"1018",0,2,0,0,1,0,0,2,0,6
"1019",0,6,0,0,1,0,0,4,0,6
"1020",0,1,0,0,0,0,0,4,0,6
"1021",0,4,0,0,2,0,1,6,0,7
"1022",0,2,0,0,1,0,1,5,0,6
"1023",1,3,1,0,0,0,0,4,2,9
"1024",0,2,0,0,0,0,0,3,0,2
"1025",0,2,0,0,1,1,0,4,1,6
"1026",0,1,0,1,0,0,0,3,1,5
"1027",0,1,0,0,0,0,0,3,0,6
"1028",0,2,0,1,2,0,1,5,0,3
"1029",2,3,2,1,1,1,1,2,2,6
"1030",0,3,0,0,0,0,0,4,0,4
"1031",0,2,0,0,1,0,0,4,0,5
"1032",0,2,0,0,0,0,0,5,1,7
"1033",0,4,0,0,3,0,2,4,0,10
"1034",0,2,0,0,1,0,0,4,0,4
"1035",0,1,0,0,2,0,0,4,0,6
"1036",0,1,0,0,0,0,0,3,0,3
"1037",0,2,0,0,1,0,1,4,0,5
"1038",0,4,0,0,1,1,0,3,1,5
"1039",0,4,0,0,2,0,1,3,1,8
"1040",0,2,0,0,2,0,1,5,0,4
"1041",0,1,0,0,0,0,0,3,0,7
"1042",0,1,0,0,0,0,0,4,0,7
"1043",0,4,0,0,3,0,1,6,0,7
"1044",1,1,1,2,0,2,0,1,3,2
"1045",1,2,0,1,1,1,0,3,1,3
"1046",0,3,0,0,1,0,1,2,0,5
"1047",0,2,0,0,1,0,0,3,0,4
"1048",0,2,0,0,2,0,1,6,0,8
"1049",0,5,0,0,2,0,1,6,0,7
"1050",0,3,0,0,0,0,0,2,0,3
"1051",0,2,0,1,2,0,1,4,0,4
"1052",1,2,1,0,0,0,0,4,1,6
"1053",0,1,0,0,0,0,1,1,0,3
"1054",0,3,0,0,2,0,1,5,0,7
"1055",0,3,0,0,2,0,1,5,0,7
"1056",0,3,0,0,3,0,0,5,0,7
"1057",0,4,0,0,1,0,0,5,0,6
"1058",0,1,0,0,0,0,0,2,0,2
"1059",0,2,0,0,1,0,0,4,0,4
"1060",0,1,0,0,0,0,0,2,0,4
"1061",0,2,0,0,3,0,0,5,0,8
"1062",0,1,0,0,0,0,0,2,0,4
"1063",0,2,0,0,0,0,0,4,0,4
"1064",1,2,1,1,0,0,0,2,1,6
"1065",0,2,0,1,1,0,0,5,0,7
"1066",0,2,0,0,1,0,0,4,0,4
"1067",0,4,0,0,1,0,0,5,0,4
"1068",0,2,0,0,2,0,1,3,0,3
"1069",0,3,0,0,1,0,0,4,0,7
"1070",0,1,0,2,1,2,0,3,2,3
"1071",1,2,1,0,1,0,0,4,1,7
"1072",0,1,0,0,0,0,0,3,0,5
"1073",0,2,0,0,1,0,0,2,0,4
"1074",0,3,0,0,2,0,0,6,0,10
"1075",0,5,0,3,0,0,0,4,3,6
"1076",0,1,0,0,0,0,0,2,0,4
"1077",0,6,1,0,4,1,4,7,0,9
"1078",0,3,0,1,2,0,0,8,0,7
"1079",0,1,0,0,1,0,0,7,1,8
"1080",0,2,0,0,1,0,0,4,0,4
"1081",0,2,0,0,1,0,0,4,0,6
"1082",0,1,0,0,1,0,1,1,0,3
"1083",0,4,0,0,3,0,1,3,0,5
"1084",0,1,0,1,1,1,0,6,1,10
"1085",0,3,0,0,0,0,0,2,0,4
"1086",0,1,0,0,0,0,0,10,0,10
"1087",0,0,0,0,1,0,0,4,0,6
"1088",1,3,0,2,1,1,0,4,1,6
"1089",1,3,0,2,1,1,0,4,1,6
"1090",0,1,0,0,0,0,0,1,0,2
"1091",0,2,0,0,1,0,0,4,0,3
"1092",0,1,0,0,0,0,0,1,0,2
"1093",0,1,0,0,1,0,0,4,2,6
"1094",0,1,0,0,0,0,0,2,0,6
"1095",0,1,0,0,1,0,1,1,0,3
"1096",0,0,0,0,0,0,0,2,0,3
"1097",0,2,0,0,0,0,0,1,0,5
"1098",0,4,0,0,3,0,1,3,0,5
"1099",0,1,0,1,1,1,0,6,1,10
"1100",0,1,0,1,1,1,0,6,1,10
"1101",0,3,0,0,0,0,0,2,0,4
"1102",1,1,0,1,2,0,1,4,0,7
"1103",0,0,0,0,1,0,1,1,0,4
"1104",0,4,0,0,3,0,1,3,0,5
"1105",0,2,0,0,1,0,0,5,0,6
"1106",0,5,0,0,3,0,1,5,0,6
"1107",0,2,0,1,1,0,1,2,2,5
"1108",0,1,0,0,0,0,0,2,0,3
"1109",0,0,0,0,0,0,0,1,0,3
"1110",0,3,0,1,0,0,0,1,0,4
"1111",2,3,0,0,0,0,0,2,2,6
"1112",1,2,0,0,0,0,1,3,1,4
"1113",0,1,0,1,0,1,0,2,1,6
"1114",1,1,1,0,0,0,0,2,1,6
"1115",1,1,1,0,0,0,0,2,1,6
"1116",0,5,0,1,3,0,2,4,0,6
"1117",1,4,1,0,2,0,0,3,1,7
"1118",0,1,0,0,0,0,0,4,0,7
"1119",0,4,0,0,2,0,1,5,0,8
"1120",0,5,0,0,3,0,2,3,0,8
"1121",0,3,0,1,1,0,0,4,0,3
"1122",0,3,0,1,1,0,1,6,3,8
"1123",0,1,0,0,0,0,0,4,0,7
"1124",0,2,0,0,0,0,0,6,1,3
"1125",0,3,0,0,2,0,0,3,0,7
"1126",0,3,1,0,3,1,3,4,0,8
"1127",0,4,0,0,1,0,0,4,0,4
"1128",0,1,0,0,0,0,0,3,0,2
"1129",0,3,0,0,1,0,0,5,0,9
"1130",0,3,0,0,1,0,0,3,0,6
"1131",0,3,0,2,0,0,0,4,1,7
"1132",0,3,0,0,2,0,0,6,0,8
"1133",0,1,1,0,0,1,0,3,0,6
"1134",0,2,0,0,1,0,0,3,0,4
"1135",0,3,0,1,1,1,0,4,2,6
"1136",0,3,1,0,2,1,2,5,0,4
"1137",0,3,0,0,1,0,0,4,0,3
"1138",0,2,0,0,1,0,0,2,0,5
"1139",0,2,0,0,0,0,1,3,1,3
"1140",0,2,0,0,2,0,1,4,0,7
"1141",0,1,0,0,0,0,0,2,0,1
"1142",0,3,0,0,0,0,0,3,0,2
"1143",0,3,0,0,0,0,0,3,0,2
"1144",0,4,0,0,1,0,0,4,1,10
"1145",0,2,0,0,1,0,1,5,0,3
"1146",0,2,0,0,2,0,0,10,0,10
"1147",0,3,0,0,1,0,0,5,0,6
"1148",0,1,0,0,1,0,0,4,0,4
"1149",0,3,0,0,1,0,0,3,0,6
"1150",0,3,0,0,1,0,1,3,0,5
"1151",0,4,0,0,2,0,1,5,0,7
"1152",0,2,0,0,1,0,1,1,0,3
"1153",0,1,0,0,0,0,0,4,0,2
"1154",0,2,0,0,1,0,0,2,0,5
"1155",0,3,0,0,2,0,1,6,1,6
"1156",0,3,0,0,0,0,1,3,0,3
"1157",0,0,0,0,0,0,0,2,0,3
"1158",1,4,0,1,2,1,1,6,2,9
"1159",1,4,0,1,2,1,1,6,2,9
"1160",1,4,0,1,2,1,1,6,2,9
"1161",1,4,0,1,2,1,1,6,2,9
"1162",1,4,0,1,2,1,1,6,2,9
"1163",1,4,0,1,2,1,1,6,2,9
"1164",1,4,0,1,2,1,1,6,2,9
"1165",1,4,0,1,2,1,1,6,2,9
"1166",1,4,0,1,2,1,1,6,2,9
"1167",1,4,0,1,2,1,1,6,2,9
"1168",1,4,0,1,2,1,1,6,2,9
"1169",1,4,0,1,2,1,1,6,2,9
"1170",1,4,0,1,2,1,1,6,2,9
"1171",1,4,0,1,2,1,1,6,2,9
"1172",1,4,0,1,2,1,1,6,2,9
"1173",1,4,0,1,2,1,1,6,2,9
"1174",1,3,0,1,1,0,1,4,0,7
"1175",0,2,0,0,1,0,1,4,0,4
"1176",0,4,0,0,2,0,1,6,0,8
"1177",0,3,0,0,2,0,0,4,0,7
"1178",0,1,0,0,0,0,0,3,0,3
"1179",1,6,1,0,4,2,3,7,2,14
"1180",0,3,0,0,2,0,0,3,0,9
"1181",0,2,0,0,1,0,0,1,0,1
"1182",0,2,0,1,0,0,0,1,1,4
"1183",0,7,1,0,5,2,3,6,0,8
"1184",0,7,1,0,5,2,3,6,0,8
"1185",0,1,0,1,0,0,0,3,2,4
"1186",0,6,1,0,4,1,4,7,0,9
"1187",0,2,0,0,1,0,1,4,0,4
"1188",0,0,0,0,0,0,0,0,0,0
"1189",1,4,0,1,1,0,1,6,1,6
"1190",0,1,0,0,0,1,0,4,1,3
"1191",0,2,0,0,1,0,0,6,0,10
"1192",0,1,0,1,0,0,0,2,1,1
"1193",0,3,0,0,2,0,2,4,0,9
"1194",0,4,0,0,3,0,0,7,0,10
"1195",0,5,0,0,4,0,2,4,0,6
"1196",0,7,0,0,3,1,1,6,0,12
"1197",0,7,0,0,3,1,1,6,0,12
"1198",0,2,0,0,1,0,1,6,0,8
"1199",0,3,0,0,2,0,1,5,0,10
"1200",2,2,1,3,1,3,1,1,3,3
"1201",0,2,0,0,0,0,0,3,0,4
"1202",0,2,0,0,0,0,0,2,0,1
"1203",0,2,0,1,1,1,0,6,1,6
"1204",0,2,0,0,0,0,1,3,0,6
"1205",0,2,0,0,1,0,1,4,0,4
"1206",0,1,0,0,1,0,0,3,0,4
"1207",0,1,0,0,0,0,0,3,0,1
"1208",0,1,0,0,0,0,0,2,0,3
"1209",0,1,0,0,0,0,0,2,0,3
"1210",0,3,1,1,1,1,1,3,0,8
"1211",0,1,0,0,0,0,0,8,0,5
"1212",0,1,0,0,0,0,0,4,0,3
"1213",0,2,0,1,0,0,1,4,1,5
"1214",0,2,0,0,1,0,0,4,0,6
"1215",0,1,0,1,2,0,0,1,1,4
"1216",0,3,0,0,1,0,0,5,0,8
"1217",1,3,0,0,1,0,1,3,1,3
"1218",0,6,0,0,3,0,1,6,0,10
"1219",0,2,0,0,1,0,1,3,0,5
"1220",0,5,0,0,2,0,0,4,0,6
"1221",0,4,0,0,3,0,2,8,0,11
"1222",0,1,0,0,0,0,0,1,2,6
"1223",0,2,0,0,0,0,0,5,0,5
"1224",0,3,0,0,1,0,0,5,0,8
"1225",0,1,0,0,0,0,0,3,0,5
"1226",0,1,0,0,1,0,0,1,1,6
"1227",0,3,0,0,0,0,0,4,0,8
"1228",0,3,0,0,1,1,1,4,1,7
"1229",0,2,0,0,1,0,0,3,0,6
"1230",0,3,0,0,1,0,1,4,0,5
"1231",0,2,0,1,0,0,0,3,1,5
"1232",0,2,0,0,1,0,0,2,0,6
"1233",0,4,0,0,2,0,0,4,0,6
"1234",0,2,0,0,0,0,0,4,0,7
"1235",0,1,0,0,0,0,0,4,0,4
"1236",1,3,0,1,0,0,0,6,1,6
"1237",0,2,0,0,1,1,0,4,0,7
"1238",0,4,0,1,3,0,1,7,1,9
"1239",1,4,0,1,1,1,0,6,2,6
"1240",1,4,0,1,1,1,0,6,2,6
"1241",0,4,0,0,1,0,0,4,0,5
"1242",0,1,0,0,0,0,0,1,0,3
"1243",0,2,0,0,1,0,0,3,0,5
"1244",0,3,0,0,1,0,0,4,0,5
"1245",0,2,0,0,1,0,0,4,0,5
"1246",1,2,0,0,1,0,0,3,1,5
"1247",0,3,0,0,2,0,0,4,0,8
"1248",0,2,0,0,1,0,0,4,0,5
"1249",0,4,0,0,1,0,1,3,1,6
"1250",0,4,0,0,2,0,1,7,0,10
"1251",0,1,0,0,0,0,0,5,1,3
"1252",0,2,0,0,1,0,0,3,0,6
"1253",0,2,0,0,0,0,0,3,0,3
"1254",0,2,0,1,2,0,0,3,0,3
"1255",0,2,0,0,1,0,1,2,0,4
"1256",0,2,0,0,0,0,0,1,0,5
"1257",0,2,0,0,1,0,0,2,0,3
"1258",0,3,0,0,1,0,0,4,0,4
"1259",0,6,0,0,2,0,0,4,0,6
"1260",0,1,0,0,2,0,0,2,1,3
"1261",0,1,0,0,0,0,0,3,0,3
"1262",0,1,0,0,0,0,1,2,0,4
"1263",1,3,0,1,1,1,1,4,1,5
"1264",1,2,0,1,1,0,1,3,1,3
"1265",0,2,0,0,1,0,1,4,0,4
"1266",0,1,0,1,1,1,0,1,1,3
"1267",0,1,0,0,0,0,0,3,0,5
"1268",0,1,0,0,1,0,0,6,0,6
"1269",0,1,0,0,0,0,0,3,0,5
"1270",0,2,0,0,2,0,0,4,0,6
"1271",0,2,0,1,2,0,0,7,0,7
"1272",0,3,0,0,4,0,2,2,1,10
"1273",0,1,0,0,0,0,0,3,0,6
"1274",0,3,0,0,2,0,2,4,0,5
"1275",0,6,0,0,3,0,1,2,0,7
"1276",0,2,0,0,3,0,0,8,0,8
"1277",0,3,0,0,3,0,0,5,0,9
"1278",0,2,0,1,1,0,1,2,0,3
"1279",0,5,0,0,1,0,0,6,0,7
"1280",0,7,0,0,4,0,0,6,0,9
"1281",0,2,1,1,2,0,1,6,1,7
"1282",0,2,0,0,1,0,1,7,0,7
"1283",0,2,0,1,0,0,0,2,0,4
"1284",0,2,0,0,1,0,1,1,0,4
"1285",0,2,0,0,1,0,0,3,1,7
"1286",0,2,0,0,0,0,0,1,0,3
"1287",0,3,0,0,1,0,1,2,0,8
"1288",1,6,0,1,4,2,2,5,1,10
"1289",0,1,0,0,0,0,0,1,1,4
"1290",0,2,0,0,1,0,0,3,1,6
"1291",0,1,0,0,0,0,0,4,0,3
"1292",0,2,0,0,1,0,1,3,0,8
"1293",0,1,0,0,1,0,0,4,0,4
"1294",0,1,0,0,1,0,0,1,0,3
"1295",0,2,0,0,0,1,0,2,2,5
"1296",0,1,0,0,0,0,0,2,0,2
"1297",0,6,0,1,2,0,2,2,0,7
"1298",1,2,0,0,1,0,0,1,1,3
"1299",1,2,0,0,1,0,0,1,1,3
"1300",0,1,0,0,1,0,0,3,0,5
"1301",0,5,0,0,1,0,1,5,0,9
"1302",0,2,0,0,0,0,1,4,0,3
"1303",0,2,0,0,0,0,1,4,0,3
"1304",0,1,0,0,0,0,0,1,1,2
"1305",1,1,1,1,1,1,1,4,1,4
"1306",0,0,0,0,0,0,0,0,0,2
"1307",0,3,1,0,2,1,0,3,0,6
"1308",0,3,0,0,0,0,0,8,0,10
"1309",0,3,1,0,1,0,1,2,0,4
"1310",0,3,0,0,1,0,0,6,1,6
"1311",0,1,0,0,0,0,0,2,0,3
"1312",0,2,0,0,1,0,0,3,0,5
"1313",0,1,1,0,1,0,0,3,0,4
"1314",0,5,0,0,3,0,1,5,0,12
"1315",0,5,0,0,1,0,0,2,0,5
"1316",0,2,0,0,0,0,0,2,0,7
"1317",1,4,0,0,2,1,2,5,0,8
"1318",0,3,0,0,1,0,0,4,0,9
"1319",0,2,0,1,0,0,0,3,2,4
"1320",0,1,0,0,1,0,0,2,0,2
"1321",0,2,0,1,0,1,0,4,2,4
"1322",0,4,0,0,1,0,0,5,0,8
"1323",0,5,0,0,1,0,1,2,0,8
"1324",0,3,0,0,2,1,2,4,0,5
"1325",1,5,0,0,1,0,1,3,1,8
"1326",0,5,0,0,3,0,1,7,1,10
"1327",0,3,0,0,2,0,0,7,0,9
"1328",1,5,0,1,2,0,1,2,1,10
"1329",0,1,0,0,0,0,0,3,0,4
"1330",0,2,0,0,2,0,0,3,1,6
"1331",0,6,0,0,4,0,0,6,0,10
"1332",0,4,0,0,2,0,1,3,0,7
"1333",0,1,0,0,0,0,0,5,0,3
"1334",0,2,0,0,0,0,0,3,0,4
"1335",0,2,0,1,1,0,2,4,1,9
"1336",0,0,0,0,0,0,0,2,0,4
"1337",0,0,0,0,0,0,0,1,0,0
"1338",0,1,0,0,0,0,0,3,0,2
"1339",0,1,0,1,0,0,0,2,1,5
"1340",0,1,0,0,0,0,0,2,0,4
"1341",0,1,0,0,0,0,0,1,0,2
"1342",0,4,0,0,2,0,2,4,0,8
"1343",0,4,0,0,3,0,1,4,0,7
"1344",0,2,0,0,1,0,0,2,0,6
"1345",1,3,1,0,3,0,0,6,1,6
"1346",0,3,0,0,1,0,1,2,0,6
"1347",1,2,1,0,1,0,1,4,1,4
"1348",0,1,0,0,0,0,0,4,0,7
"1349",1,1,0,0,0,0,0,2,1,4
"1350",0,3,0,1,2,1,1,4,1,6
"1351",0,4,1,0,2,1,1,3,0,7
"1352",0,2,1,0,1,1,1,2,0,4
"1353",0,2,0,1,2,0,1,4,0,5
"1354",0,1,0,0,0,0,0,1,0,3
"1355",0,1,0,0,0,0,0,1,0,6
"1356",0,2,0,0,1,0,0,3,0,5
"1357",0,2,0,0,1,0,0,3,0,5
"1358",0,3,0,0,1,0,0,4,0,6
"1359",0,2,0,0,1,0,0,4,0,5
"1360",0,4,0,0,4,0,2,6,0,6
"1361",0,2,0,0,1,0,1,3,1,3
"1362",0,2,0,0,1,0,1,3,1,3
"1363",0,2,0,0,0,0,1,5,0,7
"1364",0,6,0,0,2,0,1,2,0,8
"1365",0,1,0,0,0,0,0,4,0,6
"1366",0,1,0,0,1,0,0,5,0,5
"1367",0,2,0,0,2,0,0,5,0,6
"1368",1,2,0,1,0,0,1,2,1,5
"1369",0,0,0,0,0,0,0,3,1,4
"1370",1,4,0,1,2,0,1,3,2,7
"1371",0,4,0,0,2,1,1,5,0,6
"1372",0,2,0,0,1,0,0,5,0,9
"1373",1,2,0,1,1,0,1,2,3,4
"1374",0,3,0,0,3,0,0,4,0,5
"1375",0,1,0,0,0,0,0,2,0,1
"1376",0,1,0,0,0,0,0,2,0,3
"1377",0,3,0,0,2,0,1,5,0,7
"1378",0,2,0,1,1,0,0,4,0,5
"1379",0,3,0,0,1,0,1,5,0,7
"1380",0,2,0,1,0,0,0,2,1,3
"1381",0,4,0,0,3,0,0,6,0,7
"1382",0,2,0,0,2,0,0,4,0,6
"1383",0,3,0,0,2,0,2,2,0,4
"1384",0,2,0,0,0,0,0,1,0,1
"1385",1,4,1,0,1,0,1,2,1,4
"1386",0,1,0,0,0,0,0,3,1,3
"1387",0,6,0,0,2,0,1,5,0,9
"1388",0,3,0,0,1,0,0,6,0,6
"1389",0,2,0,0,0,0,0,4,1,6
"1390",1,2,0,1,2,0,0,4,2,6
"1391",0,1,0,0,0,0,0,2,0,3
"1392",0,2,0,2,2,0,1,5,0,7
"1393",0,2,0,0,1,0,0,4,0,6
"1394",0,2,0,0,1,0,0,4,0,7
"1395",1,6,0,1,4,0,0,5,0,7
"1396",0,2,0,1,2,0,1,5,0,7
"1397",0,1,0,0,1,0,0,3,0,4
"1398",0,0,0,1,0,0,0,2,0,3
"1399",0,4,0,0,0,0,0,3,0,2
"1400",0,4,0,0,0,0,0,3,0,2
"1401",0,3,0,0,2,0,2,2,0,5
"1402",0,0,0,0,2,0,1,6,0,11
"1403",0,0,0,0,2,0,1,6,0,11
"1404",0,1,0,0,0,0,0,3,0,3
"1405",0,5,1,0,4,1,3,4,1,8
"1406",0,2,0,0,1,0,0,2,0,6
"1407",1,3,1,1,2,1,0,4,1,7
"1408",1,7,0,0,2,0,0,4,2,8
"1409",0,2,0,0,0,0,0,4,0,6
"1410",1,4,1,1,1,1,0,4,1,6
"1411",0,2,0,1,0,0,0,5,2,5
"1412",0,2,0,0,2,0,1,3,0,4
"1413",0,2,0,0,2,0,2,2,0,9
"1414",0,5,0,0,0,0,0,7,0,7
"1415",0,3,0,1,1,0,0,2,1,4
"1416",0,2,0,0,0,0,0,3,0,3
"1417",1,3,0,1,2,1,1,7,1,6
"1418",0,2,0,0,1,0,0,2,0,3
"1419",0,0,0,0,0,0,0,1,0,2
"1420",0,1,0,0,0,0,0,6,0,4
"1421",0,3,0,1,3,0,0,5,0,9
"1422",0,1,0,0,0,0,0,2,0,4
"1423",0,3,0,0,0,0,0,3,0,5
"1424",0,2,0,1,2,0,0,2,0,7
"1425",0,4,1,1,1,0,0,3,0,9
"1426",0,4,0,0,2,0,1,3,0,8
"1427",0,3,0,0,1,0,0,3,0,7
"1428",0,2,0,0,1,0,0,4,0,7
"1429",0,1,0,0,0,0,0,2,0,0
"1430",0,5,0,0,2,0,0,8,0,11
"1431",0,1,0,0,0,0,0,2,0,6
"1432",1,2,0,1,0,0,0,2,1,7
"1433",0,2,0,0,0,0,0,2,0,5
"1434",0,3,0,1,1,0,0,2,0,6
"1435",1,1,0,1,0,0,0,3,1,3
"1436",0,4,0,0,2,0,0,7,0,5
"1437",0,2,0,0,0,0,0,4,0,8
"1438",0,3,0,1,1,0,1,4,0,5
"1439",0,2,0,0,2,0,0,5,0,5
"1440",0,2,0,0,1,0,0,4,0,3
"1441",0,2,0,0,0,0,0,4,1,7
"1442",0,2,0,0,1,0,1,2,0,4
"1443",0,2,0,0,0,0,0,1,0,3
"1444",0,2,0,0,2,0,0,7,0,6
"1445",1,2,0,0,2,1,1,4,2,5
"1446",0,1,0,0,0,0,0,4,1,5
"1447",0,2,0,0,0,0,0,2,0,3
"1448",0,4,0,0,1,0,0,8,0,10
"1449",0,2,1,0,1,0,0,4,0,6
"1450",1,2,0,3,0,1,0,5,3,7
"1451",1,3,0,1,0,0,0,4,2,6
"1452",1,4,0,1,2,1,1,6,2,9
"1453",1,4,0,1,2,1,1,6,2,9
"1454",1,4,0,1,2,1,1,6,2,9
"1455",0,4,1,0,3,1,1,5,0,8
"1456",0,0,0,0,0,0,0,0,0,3
"1457",0,2,0,0,0,0,0,4,0,3
"1458",0,4,0,0,3,1,0,4,0,7
"1459",0,2,0,0,0,0,0,4,0,6
"1460",0,2,0,0,1,0,0,6,0,5
"1461",0,2,0,0,0,0,0,2,0,3
"1462",0,3,0,0,2,1,0,6,0,6
"1463",0,3,0,0,1,0,0,3,0,6
"1464",0,1,1,0,1,0,0,4,0,6
"1465",0,1,0,0,1,1,0,6,1,7
"1466",0,4,0,0,1,0,0,5,0,4
"1467",0,4,0,0,0,0,0,3,0,6
"1468",0,2,0,0,0,0,0,5,0,6
"1469",0,1,0,1,0,0,0,3,1,4
"1470",0,2,0,0,1,1,0,4,1,4
"1471",0,2,0,1,1,0,1,2,1,2
"1472",0,0,0,0,0,0,0,0,0,3
"1473",0,1,0,0,1,0,0,5,0,4
"1474",0,5,0,1,4,0,1,5,0,8
"1475",0,3,0,1,1,0,0,5,2,4
"1476",0,2,0,1,0,1,0,1,1,3
"1477",0,2,0,0,0,0,1,2,0,6
"1478",0,0,0,0,0,0,0,3,0,7
"1479",0,3,0,0,2,0,0,4,0,6
"1480",0,1,1,1,1,1,0,7,2,8
"1481",2,1,0,2,0,1,0,5,3,5
"1482",0,1,0,1,1,0,0,3,0,5
"1483",0,2,0,0,2,0,1,5,0,7
"1484",0,0,0,0,0,0,0,0,0,2
"1485",0,1,0,0,0,0,0,4,1,6
"1486",1,4,0,1,1,0,1,5,1,8
"1487",0,2,0,0,1,0,1,1,0,2
"1488",0,1,0,0,0,0,0,3,0,2
"1489",0,2,0,1,1,0,0,6,2,7
"1490",0,2,0,0,2,0,0,4,0,8
"1491",0,2,0,0,0,0,0,2,0,6
"1492",0,1,0,0,1,0,0,3,0,3
"1493",0,3,0,0,1,0,0,2,0,7
"1494",1,4,0,1,1,1,0,1,1,6
"1495",0,1,0,0,1,0,0,2,0,4
"1496",1,1,0,1,0,0,0,1,1,2
"1497",0,2,0,1,0,0,0,6,1,4
"1498",0,4,0,0,2,1,1,3,1,5
"1499",0,4,0,1,2,0,0,6,0,10
"1500",0,1,0,0,0,0,0,2,0,3
"1501",0,2,0,0,1,0,0,3,0,6
"1502",1,2,0,0,0,0,0,2,0,5
"1503",0,1,0,0,1,0,0,2,0,4
"1504",0,2,0,1,0,0,0,4,1,5
"1505",0,0,0,0,0,0,0,4,0,4
"1506",0,1,0,0,0,0,0,2,0,1
"1507",0,1,0,0,0,0,0,3,0,4
"1508",0,2,0,0,0,0,0,2,0,6
"1509",0,2,0,1,2,0,0,5,0,7
"1510",0,1,0,0,1,0,0,2,0,5
"1511",0,4,0,0,4,0,3,5,0,11
"1512",1,4,1,1,3,1,1,6,1,5
"1513",0,1,0,1,1,0,0,7,0,5
"1514",0,1,0,1,1,0,0,8,0,8
"1515",0,3,0,0,1,0,1,7,1,7
"1516",0,4,0,1,3,0,1,3,0,8
"1517",0,3,0,1,1,1,1,1,1,3
"1518",0,2,0,0,0,0,0,4,0,7
"1519",0,3,0,1,0,0,0,5,0,5
"1520",0,2,0,0,1,0,0,4,1,5
"1521",0,1,0,0,2,0,0,6,0,7
"1522",0,2,0,0,2,0,0,2,0,5
"1523",0,3,0,0,0,0,0,3,1,4
"1524",0,3,0,0,0,0,0,3,1,4
"1525",1,1,1,1,1,1,1,4,1,4
"1526",1,2,0,0,0,1,0,0,2,3
"1527",0,1,0,1,1,0,0,7,0,6
"1528",0,1,0,1,1,0,0,7,0,6
"1529",0,1,0,1,0,1,1,1,1,2
"1530",0,3,0,0,1,0,0,4,1,4
"1531",0,1,0,0,0,0,0,2,0,4
"1532",0,3,0,0,2,0,2,3,0,8
"1533",1,2,1,2,1,1,1,4,1,6
"1534",0,3,0,0,0,0,1,7,0,10
"1535",0,2,0,0,0,0,0,4,0,6
"1536",0,3,0,0,2,0,2,4,0,8
"1537",0,3,0,1,1,0,0,2,1,3
"1538",0,3,0,1,1,0,0,2,1,3
"1539",0,1,0,0,0,0,0,4,2,5
"1540",0,1,0,0,0,0,0,4,2,5
"1541",0,2,0,1,2,0,0,5,0,9
"1542",0,2,0,0,0,0,0,2,1,6
"1543",0,2,0,0,0,0,0,1,0,5
"1544",0,1,0,0,0,0,0,5,0,3
"1545",0,1,0,0,0,0,0,5,0,3
"1546",0,1,0,0,1,0,0,3,0,7
"1547",0,4,0,0,2,0,1,4,1,6
"1548",0,3,0,0,1,0,0,5,0,7
"1549",0,4,0,0,2,0,0,4,0,7
"1550",1,1,0,1,0,1,0,1,1,6
"1551",1,2,1,2,1,1,1,4,1,6
"1552",0,4,0,0,2,1,0,5,0,7
"1553",0,1,0,1,0,0,0,5,1,3
"1554",0,2,0,1,0,0,1,2,1,2
"1555",0,4,0,0,1,0,1,3,1,8
"1556",0,1,0,0,0,0,0,2,0,2
"1557",0,3,0,0,0,0,0,3,1,5
"1558",0,5,0,0,3,0,1,5,1,8
"1559",0,1,0,1,1,0,0,3,1,4
"1560",0,2,0,0,1,0,1,3,0,6
"1561",0,2,0,0,1,0,1,3,0,4
"1562",0,2,0,0,1,0,1,3,0,4
"1563",0,2,0,0,0,0,0,6,0,5
"1564",0,5,0,0,3,0,2,4,0,6
"1565",0,2,0,1,0,0,0,5,0,7
"1566",0,4,0,0,2,0,1,2,1,6
"1567",0,2,0,0,1,0,1,3,0,4
"1568",0,1,0,0,0,0,0,3,0,5
"1569",0,6,0,0,3,1,2,2,0,5
"1570",0,1,0,0,0,0,0,2,0,3
"1571",0,1,0,0,0,0,0,2,0,3
"1572",0,1,0,0,0,0,0,2,0,3
"1573",1,1,1,0,0,0,0,4,1,7
"1574",0,0,0,0,0,0,0,2,0,3
"1575",0,4,0,0,2,0,1,3,0,5
"1576",0,4,0,0,3,0,0,4,0,6
"1577",0,1,1,0,0,1,0,3,0,5
"1578",0,7,0,0,3,1,1,6,0,12
"1579",0,5,0,0,2,0,2,4,0,7
"1580",0,2,0,0,1,0,1,1,0,5
"1581",2,2,1,2,1,1,0,6,3,8
"1582",0,3,0,2,0,0,0,5,1,6
"1583",0,2,0,0,1,0,1,4,0,7
"1584",0,4,0,0,1,0,1,4,0,7
"1585",0,1,0,0,1,0,1,4,0,3
"1586",0,0,0,0,0,0,0,2,0,4
"1587",0,2,0,1,1,1,0,5,1,6
"1588",0,1,0,0,0,0,0,7,0,7
"1589",0,3,0,0,2,0,1,5,0,8
"1590",0,1,0,0,0,0,0,3,0,5
"1591",0,2,0,0,1,0,0,4,0,6
"1592",0,3,0,0,1,0,1,5,0,8
"1593",0,2,0,0,0,0,0,3,0,5
"1594",0,2,0,0,2,0,0,8,0,7
"1595",0,3,0,1,1,1,1,3,1,6
"1596",0,3,0,0,0,0,1,5,0,6
"1597",0,3,0,1,2,0,2,4,0,7
"1598",0,2,0,0,1,0,1,3,0,5
"1599",0,1,0,0,0,0,0,2,0,3
"1600",0,5,0,0,4,0,2,8,0,13
"1601",0,5,0,0,4,0,2,8,0,13
"1602",0,3,0,0,2,0,0,4,0,5
"1603",0,3,0,0,0,0,0,4,0,3
"1604",1,2,0,0,0,1,0,1,1,3
"1605",0,2,0,0,2,0,1,4,0,8
"1606",0,1,0,0,0,0,0,3,1,3
"1607",0,1,0,0,0,0,0,3,1,3
"1608",0,1,0,0,0,0,0,3,1,3
"1609",0,2,1,1,1,1,0,3,0,4
"1610",0,3,0,0,0,0,0,7,0,10
"1611",0,4,0,1,3,1,1,9,2,10
"1612",0,2,0,0,1,0,0,2,0,4
"1613",0,2,0,0,0,0,0,5,0,4
"1614",0,5,0,0,2,0,1,6,0,8
"1615",0,3,0,0,1,1,2,2,1,4
"1616",0,3,0,0,1,0,0,4,0,8
"1617",0,1,0,0,0,0,0,4,1,7
"1618",0,3,0,1,3,0,0,4,0,8
"1619",0,3,0,1,3,0,0,4,0,8
"1620",0,3,0,1,3,0,0,4,0,8
"1621",0,3,0,1,3,0,0,4,0,8
"1622",0,3,0,1,3,0,0,4,0,8
"1623",0,3,0,1,3,0,0,4,0,8
"1624",0,3,0,1,3,0,0,4,0,8
"1625",0,3,0,1,3,0,0,4,0,8
"1626",0,3,0,1,3,0,0,4,0,8
"1627",0,3,0,1,3,0,0,4,0,8
"1628",0,3,0,1,3,0,0,4,0,8
"1629",0,3,0,1,3,0,0,4,0,8
"1630",0,3,0,1,3,0,0,4,0,8
"1631",0,3,0,1,3,0,0,4,0,8
"1632",0,3,0,1,3,0,0,4,0,8
"1633",0,3,0,1,3,0,0,4,0,8
"1634",0,3,0,1,3,0,0,4,0,8
"1635",0,3,0,1,3,0,0,4,0,8
"1636",0,3,0,1,3,0,0,4,0,8
"1637",0,3,0,1,3,0,0,4,0,8
"1638",0,3,0,1,3,0,0,4,0,8
"1639",0,3,0,1,3,0,0,4,0,8
"1640",0,3,0,1,3,0,0,4,0,8
"1641",0,3,0,1,3,0,0,4,0,8
"1642",0,3,0,1,3,0,0,4,0,8
"1643",0,3,0,1,3,0,0,4,0,8
"1644",0,3,0,1,3,0,0,4,0,8
"1645",0,3,0,1,3,0,0,4,0,8
"1646",0,3,0,1,3,0,0,4,0,8
"1647",0,3,0,1,3,0,0,4,0,8
"1648",0,3,0,1,3,0,0,4,0,8
"1649",0,3,0,1,3,0,0,4,0,8
"1650",0,3,0,1,3,0,0,4,0,8
"1651",0,3,0,1,3,0,0,4,0,8
"1652",0,3,0,1,3,0,0,4,0,8
"1653",0,3,0,1,3,0,0,4,0,8
"1654",0,3,0,1,3,0,0,4,0,8
"1655",0,3,0,1,3,0,0,4,0,8
"1656",0,3,0,1,3,0,0,4,0,8
"1657",0,3,0,1,3,0,0,4,0,8
"1658",0,3,0,1,3,0,0,4,0,8
"1659",0,3,0,1,3,0,0,4,0,8
"1660",0,3,0,1,3,0,0,4,0,8
"1661",0,3,0,1,3,0,0,4,0,8
"1662",0,3,0,1,3,0,0,4,0,8
"1663",0,3,0,1,3,0,0,4,0,8
"1664",0,3,0,1,3,0,0,4,0,8
"1665",0,3,0,1,3,0,0,4,0,8
"1666",0,3,0,1,3,0,0,4,0,8
"1667",0,3,0,1,3,0,0,4,0,8
"1668",0,3,0,1,3,0,0,4,0,8
"1669",0,3,0,1,3,0,0,4,0,8
"1670",0,3,0,1,3,0,0,4,0,8
"1671",0,3,0,1,3,0,0,4,0,8
"1672",0,3,0,1,3,0,0,4,0,8
"1673",0,3,0,1,3,0,0,4,0,8
"1674",0,3,0,1,3,0,0,4,0,8
"1675",0,3,0,1,3,0,0,4,0,8
"1676",0,3,0,1,3,0,0,4,0,8
"1677",0,3,0,1,3,0,0,4,0,8
"1678",0,3,0,1,3,0,0,4,0,8
"1679",0,3,0,1,3,0,0,4,0,8
"1680",0,3,0,1,3,0,0,4,0,8
"1681",0,3,0,1,3,0,0,4,0,8
"1682",0,3,0,1,3,0,0,4,0,8
"1683",0,3,0,1,3,0,0,4,0,8
"1684",0,3,0,1,3,0,0,4,0,8
"1685",0,3,0,1,3,0,0,4,0,8
"1686",0,3,0,1,3,0,0,4,0,8
"1687",0,3,0,1,3,0,0,4,0,8
"1688",0,3,0,1,3,0,0,4,0,8
"1689",0,3,0,1,3,0,0,4,0,8
"1690",0,3,0,1,3,0,0,4,0,8
"1691",0,3,0,1,3,0,0,4,0,8
"1692",0,3,0,1,3,0,0,4,0,8
"1693",0,3,0,1,3,0,0,4,0,8
"1694",0,3,0,1,3,0,0,4,0,8
"1695",0,3,0,1,3,0,0,4,0,8
"1696",0,3,0,1,3,0,0,4,0,8
"1697",0,3,0,1,3,0,0,4,0,8
"1698",0,3,0,1,3,0,0,4,0,8
"1699",0,1,0,0,0,0,0,2,1,4
"1700",1,3,0,0,1,0,0,3,1,5
"1701",0,2,0,0,1,0,0,3,0,4
"1702",0,3,0,1,0,1,0,3,2,5
"1703",0,4,0,0,2,0,1,6,0,7
"1704",2,2,0,1,1,1,1,3,2,3
"1705",0,1,0,1,1,0,0,6,0,7
"1706",0,1,0,0,1,0,0,8,0,6
"1707",0,0,0,0,0,0,0,1,0,2
"1708",0,4,0,0,1,0,0,7,0,9
"1709",0,0,0,0,0,0,0,0,0,3
"1710",0,3,0,0,2,0,0,5,0,8
"1711",0,1,0,0,0,0,0,5,1,4
"1712",0,2,0,1,0,0,0,4,1,4
"1713",0,2,0,0,0,0,0,3,0,5
"1714",0,2,0,0,0,0,0,3,0,5
"1715",0,2,0,0,0,0,0,3,0,5
"1716",0,2,0,0,0,0,0,3,0,5
"1717",0,5,0,0,1,0,0,4,0,8
"1718",1,3,0,0,1,0,0,7,1,5
"1719",0,1,0,0,0,0,0,2,0,2
"1720",0,2,0,0,0,0,0,4,0,4
"1721",0,3,0,0,0,0,0,2,0,3
"1722",0,3,0,0,1,0,1,2,0,6
"1723",0,3,1,0,2,1,2,6,0,6
"1724",0,2,0,0,0,0,0,3,0,4
"1725",0,1,0,1,0,1,0,2,2,3
"1726",0,2,0,0,0,0,0,5,0,4
"1727",0,2,0,0,0,0,0,4,1,7
"1728",0,3,0,1,2,1,2,5,1,5
"1729",0,2,0,0,0,0,0,3,0,2
"1730",0,2,0,0,0,0,0,3,0,4
"1731",0,2,1,0,1,1,1,2,0,5
"1732",0,3,0,0,1,1,1,3,0,6
"1733",0,2,0,0,0,0,0,2,0,3
"1734",0,1,0,0,1,0,0,4,1,5
"1735",0,6,0,2,5,1,1,7,2,10
"1736",1,5,0,0,2,1,1,5,1,8
"1737",0,2,0,0,2,1,1,2,1,5
"1738",0,2,0,0,0,0,0,6,0,6
"1739",0,2,0,0,0,0,0,3,0,6
"1740",0,3,0,0,3,0,1,2,1,7
"1741",0,5,0,0,3,0,1,5,0,7
"1742",0,3,0,0,1,0,0,3,0,5
"1743",1,1,0,0,1,0,1,4,1,2
"1744",1,3,1,2,0,1,0,4,2,7
"1745",0,2,0,0,0,0,0,2,0,1
"1746",0,1,0,0,0,0,0,2,0,2
"1747",0,3,0,0,3,0,1,4,0,5
"1748",0,4,0,1,3,0,0,6,0,6
"1749",0,2,0,0,0,0,0,3,0,4
"1750",0,1,0,0,0,0,0,4,0,3
"1751",0,2,0,1,0,0,0,3,2,4
"1752",0,1,0,0,3,0,1,4,0,5
"1753",0,3,0,0,1,0,0,5,0,6
"1754",2,5,1,2,2,3,2,1,3,10
"1755",2,5,1,2,2,3,2,1,3,10
"1756",2,5,1,2,2,3,2,1,3,10
"1757",2,5,1,2,2,3,2,1,3,10
"1758",2,6,1,2,2,2,1,2,3,11
"1759",0,3,0,0,1,0,0,10,0,7
"1760",0,2,0,0,1,0,1,7,0,7
"1761",0,2,0,0,1,0,0,2,0,6
"1762",0,2,0,0,1,0,0,2,0,6
"1763",0,4,0,0,0,0,0,4,0,9
"1764",0,1,0,0,1,0,1,6,0,8
"1765",1,3,1,1,2,2,2,5,1,5
"1766",0,4,0,0,3,0,1,4,0,8
"1767",0,2,0,0,0,0,0,4,0,7
"1768",0,3,0,1,1,0,0,4,0,8
"1769",1,2,0,1,0,0,0,1,1,6
"1770",0,1,0,0,0,0,0,5,0,8
"1771",0,3,0,1,0,1,1,5,1,7
"1772",0,3,0,0,2,0,0,4,0,7
"1773",0,3,0,0,2,0,1,2,0,6
"1774",0,3,0,0,2,0,2,5,1,5
"1775",0,4,0,0,1,1,1,1,1,6
"1776",0,5,0,0,2,0,1,2,0,7
"1777",0,4,1,0,2,1,2,6,0,8
"1778",0,1,0,0,1,0,0,3,0,3
"1779",0,2,0,1,1,0,0,2,0,4
"1780",0,2,0,0,0,0,0,3,0,6
"1781",0,1,0,0,0,0,0,5,0,5
"1782",3,2,0,3,1,0,1,4,2,5
"1783",0,3,0,0,0,0,0,2,0,2
"1784",2,3,1,2,0,2,0,1,2,2
"1785",0,2,0,0,0,0,0,3,0,6
"1786",0,1,0,0,0,0,0,4,1,5
"1787",0,1,0,0,1,0,0,4,0,5
"1788",0,2,0,0,1,0,1,4,0,3
"1789",1,5,1,0,4,1,3,6,2,10
"1790",0,2,0,0,0,0,0,2,1,5
"1791",0,5,0,0,2,0,1,3,0,5
"1792",0,3,0,0,0,0,0,3,0,8
"1793",0,2,0,0,1,0,0,6,0,5
"1794",0,3,0,1,1,0,0,6,2,8
"1795",0,3,1,1,2,1,2,4,1,6
"1796",0,2,0,0,0,0,1,2,0,4
"1797",0,2,0,0,1,1,0,2,0,3
"1798",0,4,0,0,1,2,0,4,1,7
"1799",0,2,0,1,0,0,0,4,1,4
"1800",0,5,0,0,5,0,1,7,0,8
"1801",0,3,0,0,2,0,0,5,1,8
"1802",0,2,0,0,0,0,0,4,0,4
"1803",0,3,0,0,3,0,1,5,0,8
"1804",0,3,0,0,1,0,0,3,0,4
"1805",0,1,0,0,0,0,0,1,0,2
"1806",0,3,0,0,1,0,0,3,0,5
"1807",0,1,0,0,0,0,0,2,0,6
"1808",0,5,0,0,3,0,0,5,0,6
"1809",0,2,0,1,0,0,0,3,1,3
"1810",0,3,0,0,3,0,0,7,1,11
"1811",0,2,0,0,1,0,1,1,0,4
"1812",0,2,0,1,1,0,1,3,0,4
"1813",0,1,0,0,0,0,1,2,0,3
"1814",0,2,0,0,0,0,0,1,0,6
"1815",0,3,0,0,1,0,0,5,0,7
"1816",0,4,0,0,4,0,2,4,0,7
"1817",0,1,0,0,0,0,0,2,0,5
"1818",0,5,1,0,2,1,2,4,0,6
"1819",0,4,0,1,1,0,0,4,2,3
"1820",2,5,0,1,5,2,1,9,3,12
"1821",0,4,0,0,2,0,1,2,0,5
"1822",1,5,0,2,3,1,2,6,1,9
"1823",0,2,0,0,1,0,0,4,0,4
"1824",0,3,0,0,2,1,0,2,0,4
"1825",0,2,0,0,1,0,1,3,0,6
"1826",0,3,0,0,0,0,0,2,0,6
"1827",0,1,0,0,0,0,0,1,0,1
"1828",0,3,0,1,0,0,1,2,2,3
"1829",0,3,1,0,2,1,2,4,0,3
"1830",0,2,0,0,1,0,0,3,0,3
"1831",0,1,0,0,0,0,0,3,0,3
"1832",0,4,0,0,1,0,0,5,1,6
"1833",0,1,0,0,0,0,0,2,0,3
"1834",0,2,0,0,1,0,0,6,0,3
"1835",0,2,0,0,1,0,1,3,0,3
"1836",0,1,0,0,0,0,0,1,0,3
"1837",0,3,0,0,1,0,0,3,0,7
"1838",0,2,0,0,1,0,1,3,0,4
"1839",0,1,0,0,0,0,0,1,0,3
"1840",0,3,0,1,2,0,1,5,0,5
"1841",0,0,0,0,0,0,0,1,0,1
"1842",0,3,0,0,2,0,0,5,0,7
"1843",0,2,0,1,0,0,0,3,0,3
"1844",1,3,0,0,3,0,0,7,2,7
"1845",0,2,0,0,0,1,0,2,1,3
"1846",0,4,0,0,1,0,0,5,0,8
"1847",0,0,0,0,2,0,0,2,0,5
"1848",0,2,1,1,3,0,0,6,0,5
"1849",0,1,0,1,2,0,0,3,0,5
"1850",1,5,0,0,0,0,0,3,0,10
"1851",0,2,0,2,1,0,0,7,2,7
"1852",0,3,0,1,2,0,0,4,1,9
"1853",0,3,0,0,2,0,1,5,0,10
"1854",0,1,0,1,1,0,1,3,0,4
"1855",0,1,0,1,1,0,0,3,2,4
"1856",0,3,0,0,0,0,0,4,1,5
"1857",0,4,0,1,0,0,0,4,0,4
"1858",1,4,0,1,3,0,2,5,1,5
"1859",0,1,0,1,2,0,0,3,0,5
"1860",0,2,0,0,2,0,1,4,0,5
"1861",0,2,0,0,2,0,1,3,1,5
"1862",0,1,0,1,1,0,0,1,1,4
"1863",0,2,0,0,0,0,0,4,0,3
"1864",0,2,0,0,3,0,1,4,1,7
"1865",0,3,0,1,1,0,1,4,0,6
"1866",0,3,0,1,1,0,1,4,0,6
"1867",0,1,0,1,1,0,0,2,0,4
"1868",0,1,0,0,1,0,0,6,0,5
"1869",0,2,0,1,0,0,0,2,1,3
"1870",0,2,0,0,0,0,0,3,0,4
"1871",0,2,0,1,0,0,0,2,1,3
"1872",0,2,0,1,1,0,1,2,1,3
"1873",0,2,0,0,0,0,0,3,0,4
"1874",0,2,0,0,1,0,0,5,0,4
"1875",0,2,0,0,1,0,0,5,0,4
"1876",0,3,0,1,0,0,1,1,1,3
"1877",0,2,0,0,1,0,0,2,0,3
"1878",0,2,0,2,1,0,0,1,1,3
"1879",0,3,0,0,2,0,0,7,0,6
"1880",0,3,0,1,2,1,1,4,1,6
"1881",0,2,1,0,1,1,1,2,0,4
"1882",0,2,0,1,1,0,1,3,1,7
"1883",0,3,0,0,2,0,0,3,1,9
"1884",0,2,0,0,0,0,0,3,0,4
"1885",0,5,0,0,4,0,2,7,0,9
"1886",0,1,0,0,0,0,0,3,0,4
"1887",0,5,0,0,3,0,2,4,0,6
"1888",0,3,0,1,2,0,0,6,0,6
"1889",0,3,0,0,1,0,0,4,0,4
"1890",0,3,0,1,1,0,2,4,1,5
"1891",1,4,0,0,1,0,1,3,1,7
"1892",1,2,0,1,1,0,0,3,1,5
"1893",0,1,0,0,0,0,0,2,0,4
"1894",0,1,0,0,0,0,0,4,0,6
"1895",0,4,0,0,1,0,2,3,0,9
"1896",0,3,0,0,2,0,0,3,0,6
"1897",0,2,0,0,1,0,0,5,0,4
"1898",1,2,0,0,1,1,0,3,1,6
"1899",0,3,0,0,0,1,1,2,0,3
"1900",0,1,0,0,2,0,0,4,0,5
"1901",0,2,0,0,1,0,0,5,0,4
"1902",0,3,0,1,1,0,1,2,0,5
"1903",0,3,0,0,2,0,0,6,0,5
"1904",0,3,0,1,0,0,1,1,1,3
"1905",0,5,0,0,1,0,0,4,0,6
"1906",0,0,0,0,0,0,0,1,0,3
"1907",0,2,0,0,1,0,0,2,0,3
"1908",0,4,0,0,2,0,2,4,0,8
"1909",0,2,0,0,1,0,0,2,0,6
"1910",0,2,0,0,1,0,1,2,0,2
"1911",0,1,0,0,1,0,0,4,0,7
"1912",0,2,0,0,1,0,0,3,0,3
"1913",0,1,0,0,0,0,0,4,0,7
"1914",0,4,0,0,2,0,2,3,0,8
"1915",0,4,0,0,2,0,2,3,0,7
"1916",0,2,1,0,3,0,0,5,0,6
"1917",0,3,0,0,2,0,1,5,0,7
"1918",1,4,1,0,2,0,0,4,1,4
"1919",0,7,0,0,2,0,1,5,0,7
"1920",0,2,0,0,1,1,1,2,1,5
"1921",1,2,0,0,0,0,0,9,1,8
"1922",1,2,0,0,0,0,0,9,1,8
"1923",1,2,0,0,0,0,0,9,1,8
"1924",1,1,0,0,0,0,0,2,1,4
"1925",0,4,0,0,2,0,2,3,0,7
"1926",0,4,0,0,1,0,0,4,0,5
"1927",0,3,0,0,2,0,1,5,0,6
"1928",0,1,0,0,0,0,0,2,0,3
"1929",0,2,0,0,1,1,1,2,1,5
"1930",0,1,0,0,1,0,0,4,0,6
"1931",0,2,1,0,1,1,1,2,0,4
"1932",0,2,0,0,0,0,0,4,0,5
"1933",0,2,0,0,0,0,0,5,0,7
"1934",0,2,0,1,2,0,1,4,0,5
"1935",0,2,0,1,1,0,1,3,1,7
"1936",0,1,1,1,1,0,0,2,0,5
"1937",0,1,0,0,0,0,0,3,0,3
"1938",0,2,0,0,0,0,0,2,0,4
"1939",0,3,0,0,1,0,0,3,0,5
"1940",0,2,0,0,1,0,1,2,0,2
"1941",0,1,0,0,0,0,0,3,0,3
"1942",0,3,0,0,2,0,2,2,0,4
"1943",0,2,0,0,0,0,0,1,0,1
"1944",0,2,0,0,0,0,0,5,0,7
"1945",0,0,0,0,0,0,0,1,0,3
"1946",1,4,0,2,2,1,0,6,2,7
"1947",0,2,0,0,1,0,0,3,0,5
"1948",0,3,0,2,3,0,1,4,0,6
"1949",0,2,0,0,2,0,0,5,0,6
"1950",0,3,0,0,3,0,0,3,0,4
"1951",0,4,1,0,3,1,2,3,0,6
"1952",0,4,0,0,4,0,2,6,0,6
"1953",0,3,0,2,3,0,1,4,0,6
"1954",0,1,0,1,2,0,0,8,0,6
"1955",0,1,0,1,2,0,0,8,0,6
"1956",0,1,0,1,1,0,0,3,0,6
"1957",0,3,0,0,1,0,0,4,0,4
"1958",1,5,0,0,1,0,1,4,1,7
"1959",0,4,0,2,2,0,1,6,2,7
"1960",0,3,0,0,0,0,0,2,0,1
"1961",0,4,0,0,2,0,1,4,0,8
"1962",1,4,0,0,1,0,1,3,1,7
"1963",1,2,0,1,2,0,0,4,2,6
"1964",0,3,0,0,2,0,0,5,0,5
"1965",0,3,0,1,3,0,1,5,0,7
"1966",1,4,0,0,1,0,1,3,1,7
"1967",0,4,0,0,2,0,2,5,0,7
"1968",0,3,1,0,2,1,2,4,0,7
"1969",0,5,0,0,1,0,1,4,0,8
"1970",1,2,0,1,1,0,0,3,1,5
"1971",0,2,0,0,0,0,0,5,0,5
"1972",0,3,0,0,2,0,1,3,0,4
"1973",0,5,0,0,3,0,1,4,0,9
"1974",0,2,0,2,2,0,1,5,0,7
"1975",0,2,0,0,1,0,0,4,0,5
"1976",0,3,1,1,1,1,0,3,3,6
"1977",0,1,0,0,0,0,0,4,0,4
"1978",0,1,0,1,0,0,0,4,1,5
"1979",0,1,0,1,0,0,0,4,1,5
"1980",0,4,1,0,4,1,2,5,0,10
"1981",0,3,0,0,2,0,0,3,0,6
"1982",0,4,0,1,2,0,0,4,0,6
"1983",0,1,0,0,0,0,0,4,0,6
"1984",0,1,0,1,0,0,0,4,0,5
"1985",0,1,0,0,0,0,0,3,0,6
"1986",0,3,0,0,1,0,0,4,0,7
"1987",0,4,0,0,2,0,1,8,0,10
"1988",0,2,0,0,0,0,0,4,0,6
"1989",0,3,0,0,2,0,0,6,0,5
"1990",0,2,0,0,0,0,0,6,1,7
"1991",0,2,0,0,0,0,2,5,0,6
"1992",0,1,0,0,2,0,0,4,0,5
"1993",0,5,1,0,2,1,2,5,0,7
"1994",0,0,0,0,0,0,0,1,0,3
"1995",0,4,0,0,2,0,1,4,2,9
"1996",0,1,0,0,0,0,0,2,0,3
"1997",1,2,0,0,0,0,0,6,2,7
"1998",0,1,0,0,0,0,0,3,0,2
"1999",0,2,0,0,0,0,0,3,0,3
"2000",0,0,0,0,0,0,0,1,0,3
"2001",1,2,1,1,1,1,1,5,1,8
"2002",0,2,0,3,1,0,0,7,3,4
"2003",0,4,0,0,1,0,1,5,0,9
"2004",1,2,0,1,1,0,1,2,3,4
"2005",0,2,0,0,0,0,0,5,0,7
"2006",0,1,0,0,0,0,0,6,1,7
"2007",0,1,0,0,1,0,0,4,0,7
"2008",0,3,0,0,3,0,1,2,0,6
"2009",0,4,0,0,3,0,1,3,0,9
"2010",0,2,0,1,0,0,0,3,1,6
"2011",0,3,0,0,1,0,0,4,0,4
"2012",0,3,0,0,2,1,1,4,1,7
"2013",0,3,0,0,1,0,0,6,1,6
"2014",0,1,0,0,0,0,0,2,0,3
"2015",0,1,0,0,0,0,0,2,0,3
"2016",0,2,0,0,0,0,1,5,0,6
"2017",0,1,0,0,0,0,1,2,0,5
"2018",0,1,0,0,0,0,0,2,0,2
"2019",0,2,0,0,0,1,0,1,1,1
"2020",0,2,1,2,1,0,0,2,0,5
"2021",0,1,0,0,0,0,0,3,0,5
"2022",0,1,0,0,2,0,0,5,0,4
"2023",0,1,0,0,0,0,0,5,0,3
"2024",0,3,0,0,1,0,0,5,1,6
"2025",0,3,0,0,1,0,0,6,1,7
"2026",0,3,0,1,1,0,0,1,0,3
"2027",0,2,0,0,1,0,0,8,0,8
"2028",0,3,0,0,0,0,0,3,0,5
"2029",0,1,0,0,2,0,0,4,0,5
"2030",0,5,0,0,3,0,1,3,0,7
"2031",0,3,0,0,0,0,0,3,0,7
"2032",0,2,0,1,1,0,0,2,0,3
"2033",0,1,0,0,1,0,0,5,1,4
"2034",0,3,0,0,0,0,0,2,0,3
"2035",0,3,0,0,0,0,0,3,0,3
"2036",0,3,0,0,0,0,0,3,0,3
"2037",0,4,1,0,3,1,2,7,0,9
"2038",0,2,0,0,0,0,1,4,0,5
"2039",1,3,0,1,1,1,1,4,1,5
"2040",1,3,0,1,1,1,1,4,1,5
"2041",0,3,0,0,2,0,0,8,0,8
"2042",0,1,1,1,1,0,0,2,0,6
"2043",0,4,0,0,3,0,0,4,1,6
"2044",0,2,0,0,0,0,0,2,0,4
"2045",0,2,0,0,0,0,0,2,0,4
"2046",0,6,0,0,4,0,1,4,0,8
"2047",0,4,0,0,3,0,1,3,0,8
"2048",0,2,0,0,0,0,0,2,1,3
"2049",1,2,0,1,0,0,0,4,1,5
"2050",0,4,0,1,3,0,0,6,0,6
"2051",0,3,0,0,2,0,0,5,0,8
"2052",0,3,0,0,2,0,0,5,0,8
"2053",0,3,0,0,2,0,0,5,0,8
"2054",0,3,0,0,2,0,0,5,0,8
"2055",0,3,0,0,2,0,0,5,0,8
"2056",0,3,0,0,2,0,0,5,0,8
"2057",0,3,0,0,2,0,0,5,0,8
"2058",0,3,0,0,2,0,0,5,0,8
"2059",0,3,0,0,2,0,0,5,0,8
"2060",0,3,0,0,2,0,0,5,0,8
"2061",0,3,0,0,2,0,0,5,0,8
"2062",0,3,0,0,2,0,0,5,0,8
"2063",0,3,0,0,2,0,0,5,0,8
"2064",0,3,0,0,2,0,0,5,0,8
"2065",0,5,0,1,2,0,1,4,1,5
"2066",0,0,0,0,0,0,0,1,0,3
"2067",0,1,0,1,1,0,0,4,0,3
"2068",0,1,0,0,0,0,0,3,1,3
"2069",1,2,1,1,2,0,0,4,1,9
"2070",0,1,0,0,0,0,0,3,0,5
"2071",0,5,0,0,1,1,0,5,1,10
"2072",0,2,0,0,0,0,0,1,0,1
"2073",0,6,0,0,3,0,2,5,0,9
"2074",1,2,0,2,2,2,0,8,3,8
"2075",0,2,0,0,1,0,1,4,0,4
"2076",0,1,0,0,0,0,0,3,0,2
"2077",0,4,1,0,3,1,2,7,0,9
"2078",0,3,0,0,1,1,1,3,1,6
"2079",0,2,0,0,1,0,0,4,0,5
"2080",0,3,0,0,1,0,1,6,0,7
"2081",0,1,0,0,1,0,0,2,0,4
"2082",0,1,0,0,0,0,0,1,0,3
"2083",0,4,0,0,2,0,0,6,0,9
"2084",0,1,0,0,0,0,0,2,0,3
"2085",0,4,0,0,4,0,2,3,0,8
"2086",0,3,0,0,0,0,0,2,0,7
"2087",0,2,0,1,2,0,1,5,0,8
"2088",0,0,0,0,0,1,0,4,1,5
"2089",0,1,0,0,0,0,0,3,0,4
"2090",0,3,0,0,0,0,0,5,0,7
"2091",0,3,0,0,1,0,0,4,0,6
"2092",0,1,0,0,0,1,0,5,1,6
"2093",0,1,0,0,0,0,0,3,0,4
"2094",1,2,1,1,1,1,0,4,1,6
"2095",0,1,0,0,0,0,0,2,0,2
"2096",0,2,0,0,1,0,0,4,0,5
"2097",0,2,0,0,1,0,0,4,0,5
"2098",1,3,2,2,0,2,0,3,2,5
"2099",0,2,0,0,1,0,0,8,1,9
"2100",0,3,0,0,2,0,1,3,0,8
"2101",0,3,0,1,0,0,0,2,1,6
"2102",0,1,0,0,0,0,0,2,0,4
"2103",0,3,0,0,0,0,0,3,0,5
"2104",0,3,0,0,1,0,2,4,0,4
"2105",1,3,1,3,3,1,2,4,2,5
"2106",0,3,0,0,1,0,1,1,0,6
"2107",0,3,0,0,1,0,1,1,0,6
"2108",1,2,0,2,2,0,0,3,1,5
"2109",1,1,1,1,0,1,1,2,1,2
"2110",0,3,0,1,1,0,1,3,0,10
"2111",0,2,1,0,1,0,0,3,0,6
"2112",0,2,0,0,3,0,0,8,0,8
"2113",0,1,0,0,0,0,0,2,0,5
"2114",0,3,1,0,4,0,0,4,0,6
"2115",0,2,0,0,1,0,1,2,0,6
"2116",0,2,0,0,1,0,0,4,1,6
"2117",0,4,0,1,1,0,1,6,1,10
"2118",0,1,0,0,0,0,0,2,0,3
"2119",0,3,0,0,1,1,0,5,1,9
"2120",0,2,0,3,1,0,0,7,3,4
"2121",0,2,0,3,1,0,0,7,3,4
"2122",0,1,0,0,0,0,0,3,0,2
"2123",1,1,0,2,1,2,1,3,3,5
"2124",0,2,0,0,0,0,0,4,0,7
"2125",0,3,0,0,3,0,0,5,0,11
"2126",0,4,0,0,2,0,1,3,0,5
"2127",0,3,0,1,2,1,1,7,0,10
"2128",0,1,0,0,0,0,0,3,0,4
"2129",0,1,0,0,1,0,0,5,1,7
"2130",0,1,0,0,1,0,0,4,0,5
"2131",0,1,0,0,2,0,0,4,0,5
"2132",0,1,0,0,2,0,0,4,0,5
"2133",0,4,0,0,1,0,1,5,0,8
"2134",0,1,0,1,0,0,0,4,1,4
"2135",0,1,0,0,1,0,0,3,0,4
"2136",0,4,1,0,3,1,2,7,0,9
"2137",0,2,0,0,2,0,1,3,0,5
"2138",0,2,0,1,1,0,0,3,1,3
"2139",0,2,0,0,0,0,0,3,0,5
"2140",0,2,0,0,0,0,0,2,0,4
"2141",0,3,0,0,0,0,0,5,0,4
"2142",0,4,0,0,1,0,1,4,0,8
"2143",0,1,0,0,1,0,0,4,0,3
"2144",0,1,0,0,1,0,0,3,0,4
"2145",0,2,0,0,0,0,0,3,0,3
"2146",0,2,0,0,0,0,0,3,0,3
"2147",0,3,0,0,2,0,1,4,0,8
"2148",0,2,0,0,0,0,0,2,2,4
"2149",0,2,0,1,1,0,0,4,0,8
"2150",1,1,1,0,0,0,0,4,1,5
"2151",0,1,0,0,0,0,0,1,0,5
"2152",0,1,0,0,0,0,0,3,0,3
"2153",0,4,0,0,1,0,0,6,0,8
"2154",0,3,0,0,1,0,0,5,0,7
"2155",0,3,0,0,0,0,0,5,0,7
"2156",0,2,0,0,1,0,1,4,0,4
"2157",0,3,0,0,0,0,0,5,0,7
"2158",0,4,0,0,2,0,1,2,0,7
"2159",0,4,0,1,1,1,1,3,0,6
"2160",1,1,1,1,0,1,0,5,1,8
"2161",0,1,0,0,0,0,0,7,0,5
"2162",0,3,0,1,1,0,1,4,0,8
"2163",0,2,0,0,1,0,2,2,0,4
"2164",0,4,0,0,2,0,1,4,0,10
"2165",0,5,0,1,1,1,1,4,0,6
"2166",0,4,0,1,1,0,1,6,1,10
"2167",1,1,0,1,2,0,1,2,1,6
"2168",0,3,0,0,1,0,1,2,0,7
"2169",0,1,0,0,0,0,0,2,0,5
"2170",0,3,0,0,1,0,0,4,1,3
"2171",0,2,0,1,0,1,0,4,1,5
"2172",0,2,1,1,3,0,1,5,0,8
"2173",1,3,0,0,1,0,0,3,0,4
"2174",0,3,0,0,1,0,0,2,0,2
"2175",1,1,0,1,0,0,0,1,1,2
"2176",0,3,0,0,0,0,0,4,0,5
"2177",0,1,0,0,0,0,0,3,0,2
"2178",0,3,0,0,1,1,0,3,0,4
"2179",1,1,1,0,0,0,0,2,1,1
"2180",0,0,0,1,1,0,0,2,0,2
"2181",0,2,0,0,1,0,0,1,0,3
"2182",1,1,0,1,2,0,1,2,1,6
"2183",0,1,1,1,3,0,0,7,0,7
"2184",0,4,1,0,1,0,0,5,1,7
"2185",0,2,0,0,2,0,0,3,0,3
"2186",0,1,1,0,2,0,1,6,0,5
"2187",0,2,0,0,1,0,0,1,0,3
"2188",0,1,0,0,0,0,0,2,0,4
"2189",0,2,0,0,2,0,2,2,0,9
"2190",1,0,0,1,0,1,0,1,1,1
"2191",0,4,0,0,2,0,1,4,2,9
"2192",0,0,0,0,0,0,0,1,1,0
"2193",0,1,0,0,0,1,1,3,1,6
"2194",0,2,0,0,1,0,0,4,0,7
"2195",0,0,0,0,0,0,0,0,0,2
"2196",0,1,0,1,1,0,0,3,0,9
"2197",0,3,0,0,1,0,0,3,0,2
"2198",0,1,0,0,0,0,0,6,0,6
"2199",0,2,0,1,1,0,1,3,1,4
"2200",0,1,0,0,0,0,0,1,0,5
"2201",0,1,0,1,3,0,1,6,0,6
"2202",0,2,0,0,0,0,0,6,0,5
"2203",2,1,2,2,0,2,1,1,2,4
"2204",0,3,0,0,1,0,0,2,0,4
"2205",0,2,0,0,0,0,0,1,0,5
"2206",1,4,0,1,2,1,0,3,2,5
"2207",0,3,0,1,0,0,0,6,1,8
"2208",0,3,0,1,0,0,0,6,1,8
"2209",0,0,0,0,0,0,0,2,0,6
"2210",0,3,0,1,2,0,2,4,0,5
"2211",0,2,0,0,0,0,0,6,0,6
"2212",0,1,0,0,0,0,0,2,0,3
"2213",0,2,0,0,0,0,0,3,0,4
"2214",0,1,0,0,0,0,0,4,0,6
"2215",0,1,0,1,0,1,0,3,3,3
"2216",0,1,0,1,0,0,0,4,2,4
"2217",0,1,0,0,0,0,0,4,0,5
"2218",0,1,0,0,0,0,0,2,0,5
"2219",0,3,0,0,1,0,1,3,0,5
"2220",0,2,0,0,1,0,0,2,0,3
"2221",0,2,0,0,1,0,0,1,0,5
"2222",0,1,0,0,0,0,0,2,1,3
"2223",0,3,0,0,2,0,0,4,0,7
"2224",0,2,0,0,1,0,0,3,0,4
"2225",0,0,0,0,0,0,0,1,0,3
"2226",0,3,0,0,1,0,0,3,0,7
"2227",0,3,0,0,1,0,0,7,0,6
"2228",0,2,0,1,2,0,1,4,0,5
"2229",0,2,0,0,1,0,0,3,0,5
"2230",0,1,0,0,1,1,0,1,1,2
"2231",0,1,0,1,0,0,0,3,1,2
"2232",0,5,0,0,3,0,2,4,0,7
"2233",0,4,0,0,3,0,1,6,0,11
"2234",0,4,0,0,3,0,1,6,0,11
"2235",0,4,0,0,3,0,1,6,0,11
"2236",0,4,0,0,3,0,1,6,0,11
"2237",0,4,0,0,3,0,1,6,0,11
"2238",0,4,0,0,3,0,1,6,0,11
"2239",0,4,0,0,3,0,1,6,0,11
"2240",1,1,0,1,1,0,1,7,1,6
"2241",0,3,0,0,1,0,1,5,0,7
"2242",0,3,0,0,0,0,0,3,0,5
"2243",1,3,0,1,1,1,0,6,2,7
"2244",0,3,0,0,4,0,0,4,0,7
"2245",0,3,0,0,0,0,0,3,0,7
"2246",0,0,0,0,0,0,0,2,0,3
"2247",0,4,0,0,2,0,1,6,0,4
"2248",0,4,1,0,3,1,2,7,0,8
"2249",0,4,0,0,2,0,0,4,0,7
"2250",0,1,0,0,1,0,0,3,0,4
"2251",0,4,0,0,2,0,1,3,0,6
"2252",0,0,0,0,0,0,0,1,0,3
"2253",0,3,0,0,1,0,1,4,0,7
"2254",0,1,0,0,0,0,0,4,0,6
"2255",0,5,0,0,4,0,0,5,0,8
"2256",0,1,0,0,0,0,0,4,0,3
"2257",0,3,0,1,0,0,0,8,1,8
"2258",0,1,0,1,0,0,0,3,1,2
"2259",0,3,0,1,3,0,0,5,0,9
"2260",0,1,0,1,1,0,0,3,0,8
"2261",0,1,0,0,0,0,0,4,1,4
"2262",0,2,0,0,1,1,0,4,1,7
"2263",0,4,0,0,2,0,0,5,1,10
"2264",0,1,0,0,0,0,0,2,0,3
"2265",0,2,0,0,1,0,1,1,1,2
"2266",0,2,0,0,1,0,0,3,1,7
"2267",0,1,0,0,0,0,0,2,0,4
"2268",0,2,0,0,1,0,1,4,1,4
"2269",0,2,0,0,0,0,0,3,1,4
"2270",0,2,0,0,1,0,0,3,0,7
"2271",0,1,0,0,0,0,0,1,2,2
"2272",0,1,0,0,0,0,0,3,0,4
"2273",0,2,0,1,1,0,0,5,2,5
"2274",0,1,0,0,0,0,0,4,0,5
"2275",0,1,0,0,0,0,0,4,0,5
"2276",0,1,0,0,0,0,0,1,1,2
"2277",0,5,0,2,2,0,1,3,1,8
"2278",0,3,0,2,1,0,1,2,1,3
"2279",0,2,0,0,3,0,0,6,0,8
"2280",1,3,1,2,0,1,0,5,2,6
"2281",0,2,0,0,1,0,1,2,0,5
"2282",0,4,0,0,2,0,1,5,0,10
"2283",0,1,0,0,0,0,0,3,0,3
"2284",0,2,0,0,0,0,0,4,0,4
"2285",0,0,0,1,0,0,0,3,1,4
"2286",0,2,0,0,0,0,0,3,0,4
"2287",0,3,0,0,1,0,1,2,0,4
"2288",0,3,0,0,1,0,0,7,0,9
"2289",0,4,0,1,3,0,1,3,0,8
"2290",0,1,0,0,0,0,0,3,0,4
"2291",0,0,0,0,0,0,0,0,0,2
"2292",1,2,0,1,0,0,0,2,1,7
"2293",0,4,0,1,2,0,0,6,0,5
"2294",0,4,0,1,2,0,0,6,0,5
"2295",1,2,0,1,1,0,1,2,1,6
"2296",0,1,0,0,0,0,0,1,0,3
"2297",0,3,0,2,2,0,0,3,1,4
"2298",0,5,0,2,3,1,2,5,1,8
"2299",0,3,0,1,2,0,0,4,1,5
"2300",0,0,0,0,0,0,0,0,0,1
"2301",0,1,0,1,0,0,0,1,1,4
"2302",0,3,0,0,3,0,1,3,0,4
"2303",0,1,0,0,0,0,0,2,0,5
"2304",0,4,0,0,2,1,0,4,0,6
"2305",1,3,0,1,2,1,1,7,1,10
"2306",0,3,0,0,2,1,0,6,1,7
"2307",1,2,0,2,2,0,0,3,3,5
"2308",0,0,0,0,0,0,0,2,1,5
"2309",1,2,0,2,2,0,0,3,1,5
"2310",0,2,0,0,0,0,0,1,0,5
"2311",0,2,0,0,0,0,0,5,0,5
"2312",1,1,0,2,1,1,0,5,2,5
"2313",0,2,0,0,0,0,0,2,0,4
"2314",0,5,0,0,4,0,2,7,0,9
"2315",0,3,0,0,2,0,1,4,0,6
"2316",0,1,0,0,1,0,0,3,0,6
"2317",1,5,0,2,3,0,0,5,2,7
"2318",0,2,0,0,0,0,0,5,0,4
"2319",0,3,1,0,1,1,1,4,0,7
"2320",0,3,0,0,1,0,0,4,0,6
"2321",0,0,0,0,0,0,0,2,1,3
"2322",0,2,0,1,3,0,1,3,0,7
"2323",0,3,0,0,2,0,1,2,0,4
"2324",0,1,0,0,0,0,0,1,0,5
"2325",0,2,0,0,1,0,1,3,0,4
"2326",0,6,0,0,2,0,2,5,0,8
"2327",0,1,0,0,2,0,0,3,0,4
"2328",0,1,0,1,1,0,1,2,1,2
"2329",0,3,0,0,0,0,0,3,0,7
"2330",0,1,1,0,1,2,0,2,1,4
"2331",0,3,1,0,2,1,2,5,0,4
"2332",0,2,0,0,1,0,1,4,0,4
"2333",0,7,1,0,5,2,3,6,0,8
"2334",0,7,1,0,5,2,3,6,0,8
"2335",0,3,0,0,1,0,1,4,0,6
"2336",0,4,0,0,1,0,0,2,1,9
"2337",0,3,0,0,1,0,0,4,0,5
"2338",1,4,1,0,2,0,0,5,1,9
"2339",1,1,1,1,1,1,1,6,2,6
"2340",0,4,0,0,2,0,2,6,0,8
"2341",0,2,0,0,2,0,1,6,0,8
"2342",0,3,0,0,0,0,0,2,0,5
"2343",0,3,0,0,2,0,0,6,0,5
"2344",0,1,0,0,0,0,0,2,0,3
"2345",0,2,0,0,1,0,0,5,0,9
"2346",0,3,0,0,0,0,0,3,0,6
"2347",0,3,0,0,2,1,2,4,0,4
"2348",0,3,0,0,1,0,2,5,0,6
"2349",0,2,1,0,3,0,0,5,0,6
"2350",0,4,1,0,3,1,2,7,0,8
"2351",0,3,0,0,2,0,0,4,0,9
"2352",0,1,0,0,0,0,0,2,0,4
"2353",0,2,0,0,2,0,0,3,1,5
"2354",0,4,0,1,3,0,0,7,0,10
"2355",0,2,0,0,1,1,1,6,0,6
"2356",0,2,0,0,0,0,0,2,0,3
"2357",0,1,0,0,2,0,0,4,0,5
"2358",0,3,0,0,2,0,1,7,0,8
"2359",0,3,0,0,2,0,1,7,0,8
"2360",0,3,0,0,2,0,1,7,0,8
"2361",0,0,0,0,0,0,0,0,0,0
"2362",1,3,0,1,1,0,1,3,1,6
"2363",0,1,0,0,0,0,0,2,0,6
"2364",0,1,0,0,0,0,0,3,0,6
"2365",0,2,0,0,2,0,0,5,0,9
"2366",1,3,0,1,1,0,1,3,1,6
"2367",0,3,0,0,2,0,0,4,0,6
"2368",0,1,0,0,0,0,0,5,0,6
"2369",1,4,1,1,1,1,1,8,1,8
"2370",0,2,0,0,2,0,1,4,0,5
"2371",0,1,0,0,0,0,1,3,0,2
"2372",0,1,0,1,1,0,1,2,0,3
"2373",0,2,0,0,1,0,0,7,0,5
"2374",0,2,0,0,1,0,1,5,0,6
"2375",0,0,0,0,0,0,0,3,0,1
"2376",0,1,0,0,0,0,0,1,1,3
"2377",0,1,0,1,0,1,0,2,1,4
"2378",0,1,0,1,0,1,0,2,1,4
"2379",0,4,0,0,2,0,1,3,0,5
"2380",1,0,0,1,0,1,0,1,1,2
"2381",0,1,0,0,0,0,0,2,0,4
"2382",0,3,0,1,3,0,0,5,0,6
"2383",0,3,0,0,1,0,0,2,0,5
"2384",0,1,0,0,0,0,0,3,0,5
"2385",0,1,0,0,0,0,0,2,0,3
"2386",0,2,0,0,1,0,1,5,0,7
"2387",0,1,0,0,0,0,0,2,1,1
"2388",1,2,0,0,1,0,1,6,1,5
"2389",0,5,0,0,2,1,0,5,0,6
"2390",0,3,0,0,3,0,0,5,0,6
"2391",0,5,0,0,0,0,0,5,0,8
"2392",1,5,1,1,4,1,3,6,1,6
"2393",0,5,0,0,3,1,0,6,0,9
"2394",0,7,0,0,4,1,1,5,0,11
"2395",0,2,0,1,1,1,0,1,0,5
"2396",0,1,0,0,0,0,0,4,1,3
"2397",0,2,0,0,1,1,0,4,1,6
"2398",0,2,0,1,0,0,1,1,1,2
"2399",0,2,0,1,0,0,0,3,2,4
"2400",0,3,0,0,1,0,2,6,1,7
"2401",0,2,0,1,1,0,1,2,0,3
"2402",0,4,0,0,2,0,0,4,0,6
"2403",0,4,0,0,2,0,1,4,0,6
"2404",0,2,0,0,0,0,0,3,1,2
"2405",0,3,0,0,0,0,0,2,0,3
"2406",0,4,1,0,1,1,0,4,0,5
"2407",0,2,0,0,0,0,0,1,0,3
"2408",0,3,0,0,3,0,0,5,0,6
"2409",0,2,0,1,1,1,1,2,1,5
"2410",0,2,0,0,1,0,0,2,0,4
"2411",1,2,0,2,2,1,0,5,1,5
"2412",1,2,0,2,2,1,0,5,1,5
"2413",0,1,0,0,0,0,0,3,0,6
"2414",0,3,0,0,2,0,0,4,0,7
"2415",0,3,0,0,1,0,0,4,0,7
"2416",0,2,0,0,1,0,0,1,0,3
"2417",0,1,0,0,0,0,0,4,0,3
"2418",0,1,0,0,0,1,0,4,1,2
"2419",0,3,0,0,1,0,0,4,0,6
"2420",0,4,0,0,1,0,0,4,0,5
"2421",1,2,0,0,0,1,0,1,1,3
"2422",1,2,0,1,1,1,0,3,1,4
"2423",0,1,0,0,0,0,0,4,0,3
"2424",0,6,1,0,3,1,2,4,0,7
"2425",0,4,0,0,2,0,0,2,0,8
"2426",0,4,0,1,2,0,1,4,0,7
"2427",0,5,1,0,3,1,3,5,0,6
"2428",0,5,1,0,3,1,3,5,0,6
"2429",0,1,0,0,0,0,0,3,0,3
"2430",0,1,0,0,0,0,0,3,0,3
"2431",0,4,0,0,2,0,0,3,0,9
"2432",0,1,0,0,0,0,1,3,0,7
"2433",0,4,0,0,2,0,1,4,0,7
"2434",0,2,0,0,1,0,0,7,0,6
"2435",0,2,0,0,0,0,0,4,0,4
"2436",0,3,0,1,2,0,0,5,0,7
"2437",0,3,0,0,2,0,1,4,0,5
"2438",0,3,0,1,2,0,0,5,0,7
"2439",0,3,0,1,2,0,0,5,0,7
"2440",0,4,0,0,2,0,1,4,0,8
"2441",0,2,0,0,1,0,1,3,0,10
"2442",0,2,0,0,1,0,0,2,0,2
"2443",0,2,0,0,1,0,1,3,0,7
"2444",0,1,0,0,1,0,0,1,0,4
"2445",0,1,0,0,0,0,0,1,0,2
"2446",0,2,0,0,0,0,0,1,0,1
"2447",0,1,0,0,0,0,0,1,1,2
"2448",0,1,0,0,0,0,0,1,0,2
"2449",0,1,0,0,0,0,0,1,0,2
"2450",0,1,0,0,0,0,0,5,0,5
"2451",0,1,0,1,0,0,1,1,1,4
"2452",0,1,0,0,0,0,0,1,0,2
"2453",0,2,0,0,3,1,0,7,0,8
"2454",0,3,0,0,0,0,0,5,0,4
"2455",0,1,0,2,1,0,0,3,1,3
"2456",0,2,0,0,1,0,1,3,0,5
"2457",0,1,0,0,0,0,0,5,1,4
"2458",0,1,0,0,0,0,0,5,1,4
"2459",0,0,0,0,0,0,0,1,0,2
"2460",0,2,0,1,0,1,0,1,1,4
"2461",1,2,0,1,1,0,0,4,0,4
"2462",0,3,0,0,4,1,1,3,0,6
"2463",0,1,0,1,0,0,0,2,2,3
"2464",0,1,0,0,0,0,0,2,0,4
"2465",0,1,0,0,0,0,0,2,0,1
"2466",0,1,0,0,0,0,0,2,0,1
"2467",0,1,0,0,0,0,0,2,0,1
"2468",0,3,0,0,2,0,2,1,0,8
"2469",0,2,0,0,1,0,0,2,0,4
"2470",0,1,0,0,0,0,0,2,0,3
"2471",0,2,0,2,0,1,0,3,2,2
"2472",0,2,0,2,0,1,0,3,2,2
"2473",0,2,0,0,1,0,1,2,0,5
"2474",0,3,0,2,1,0,0,4,1,5
"2475",0,3,0,0,1,0,1,2,0,4
"2476",1,3,0,0,2,1,2,1,1,3
"2477",0,2,0,1,0,0,0,2,1,2
"2478",0,3,0,0,1,0,0,1,0,2
"2479",0,2,0,0,2,1,0,4,1,5
"2480",0,1,0,1,2,0,0,3,0,6
"2481",0,2,0,0,0,0,0,1,0,2
"2482",0,1,0,0,0,0,0,2,0,1
"2483",0,2,0,0,0,0,0,1,0,2
"2484",0,3,0,0,1,1,0,3,2,3
"2485",0,4,0,0,2,0,1,5,1,8
"2486",0,3,1,1,2,0,0,4,0,4
"2487",0,1,0,0,0,0,0,3,0,3
"2488",0,2,0,0,1,0,0,2,0,4
"2489",0,1,0,0,0,0,0,1,1,5
"2490",0,1,0,0,0,0,0,1,1,4
"2491",0,2,0,1,0,1,0,1,1,2
"2492",0,2,0,0,1,0,1,5,0,5
"2493",0,3,0,0,1,0,0,3,0,4
"2494",1,4,0,0,1,0,1,7,0,10
"2495",0,3,0,0,1,0,0,3,0,5
"2496",0,0,0,0,0,0,0,0,0,1
"2497",0,1,0,1,1,1,0,3,1,2
"2498",0,3,0,0,1,2,1,2,2,5
"2499",0,3,0,1,0,0,0,3,1,4
"2500",0,4,1,0,2,1,2,3,0,5
